Workbook
Name 계획데이터: '3_1. 개발량 계획'!$A$2:$O$84
Name 실적데이터: '3_2. 개발량 실적'!$A$14:$O$95

Sheet 0. 사업계획
A1: ■ 전체 데이터 | F1: 값 입력
A3: 1. 2024년 실적
A4: 구 분 | C4: 1 | D4: 2 | E4: 3 | F4: 4 | G4: 5 | H4: 6 | I4: 7 | J4: 8 | K4: 9 | L4: 10 | M4: 11 | N4: 12 | O4: 연간계
A5: 공급전 | C5: 3144 | D5: 2356 | E5: 2424 | F5: 4160 | G5: 4095 | H5: 2928 | I5: 2187 | J5: 2466 | K5: 2412 | L5: 2443 | M5: 2935 | N5: 4016 | O5: =SUM(C5:N5) -> 35566
A6: 공급전 누계 | C6: =C5 -> 3144 | D6: =C6+D5 -> 5500 | E6: =D6+E5 -> 7924 | F6: =E6+F5 -> 12084 | G6: =F6+G5 -> 16179 | H6: =G6+H5 -> 19107 | I6: =H6+I5 -> 21294 | J6: =I6+J5 -> 23760 | K6: =J6+K5 -> 26172 | ... N6: =M6+N5 -> 35566 | O6: =N6 -> 35566
A7: 월 공급량(㎥) | C7: 168431283 | D7: 133092425 | E7: 120958338 | F7: 66900416 | G7: 56313203 | H7: 47949001 | I7: 48263208 | J7: 44234358 | K7: 42671369 | L7: 56594621 | M7: 90787759 | N7: 154556947 | O7: =SUM(C7:N7) -> 1030752928
A8: 공급량 누계(㎥) | C8: =C7 -> 168431283 | D8: =C8+D7 -> 301523708 | E8: =D8+E7 -> 422482046 | F8: =E8+F7 -> 489382462 | G8: =F8+G7 -> 545695665 | H8: =G8+H7 -> 593644666 | I8: =H8+I7 -> 641907874 | J8: =I8+J7 -> 686142232 | K8: =J8+K7 -> 728813601 | ... N8: =M8+N7 -> 1030752928 | O8: =N8 -> 1030752928
A9: 월 공급량(GJ) | C9: 7178986.7 | D9: 5704249 | E9: 5193238.2 | F9: 2859457.9 | G9: 2399133.1 | H9: 2034030 | I9: 2054228 | J9: 1881625.3 | K9: 1825384.2 | L9: 2408950.7 | M9: 3879263.7 | N9: 6619427.6 | O9: =SUM(C9:N9) -> 44037974
A10: 공급량 누계(GJ) | C10: =C9 -> 7178986.7 | D10: =C10+D9 -> 12883236 | E10: =D10+E9 -> 18076474 | F10: =E10+F9 -> 20935932 | G10: =F10+G9 -> 23335065 | H10: =G10+H9 -> 25369095 | I10: =H10+I9 -> 27423323 | J10: =I10+J9 -> 29304948 | K10: =J10+K9 -> 31130332 | ... N10: =M10+N9 -> 44037974 | O10: =N10 -> 44037974
C11: =ROUND(C9*1000,0) -> 7178986695 | D11: =ROUND(D9*1000,0) -> 5704248968 | E11: =ROUND(E9*1000,0) -> 5193238155 | F11: =ROUND(F9*1000,0) -> 2859457947 | G11: =ROUND(G9*1000,0) -> 2399133123 | H11: =ROUND(H9*1000,0) -> 2034030044 | I11: =ROUND(I9*1000,0) -> 2054227984 | J11: =ROUND(J9*1000,0) -> 1881625347 | ... N11: =ROUND(N9*1000,0) -> 6619427559 | O11: =SUM(C11:N11) -> 44037974407
A13: 2. 2025년 공급전 계획
A14: 구 분 | C14: 1 | D14: 2 | E14: 3 | F14: 4 | G14: 5 | H14: 6 | I14: 7 | J14: 8 | K14: 9 | L14: 10 | M14: 11 | N14: 12 | O14: 연간계 | P14: 검증
A15: normal | C15: 2893 | D15: 2174 | E15: 1562 | F15: 1172 | G15: 1423 | H15: 1541 | I15: 1406 | J15: 1661 | K15: 1846 | L15: 1495 | M15: 1497 | N15: 1624 | O15: 20294 | P15: =SUM(C15:N15) -> 20294 | R15: =O15=P15 -> TRUE
A16: 누 계 | C16: =C15 -> 2893 | D16: =C16+D15 -> 5067 | E16: =D16+E15 -> 6629 | F16: =E16+F15 -> 7801 | G16: =F16+G15 -> 9224 | H16: =G16+H15 -> 10765 | I16: =H16+I15 -> 12171 | J16: =I16+J15 -> 13832 | K16: =J16+K15 -> 15678 | ... N16: =M16+N15 -> 20294 | O16: =N16 -> 20294
A17: best | C17: 3040 | D17: 2263 | E17: 1608 | F17: 1204 | G17: 1492 | H17: 1583 | I17: 1444 | J17: 1690 | K17: 1864 | L17: 1524 | M17: 1535 | N17: 1748 | O17: 20995 | P17: =SUM(C17:N17) -> 20995 | R17: =O17=P17 -> TRUE
A18: 누 계 | C18: =C17 -> 3040 | D18: =C18+D17 -> 5303 | E18: =D18+E17 -> 6911 | F18: =E18+F17 -> 8115 | G18: =F18+G17 -> 9607 | H18: =G18+H17 -> 11190 | I18: =H18+I17 -> 12634 | J18: =I18+J17 -> 14324 | K18: =J18+K17 -> 16188 | ... N18: =M18+N17 -> 20995 | O18: =N18 -> 20995
A19: con. | C19: 2846 | D19: 2173 | E19: 1588 | F19: 1195 | G19: 1388 | H19: 1498 | I19: 1331 | J19: 1490 | K19: 1734 | L19: 1411 | M19: 1432 | N19: 1543 | O19: 19629 | P19: =SUM(C19:N19) -> 19629 | R19: =O19=P19 -> TRUE
A20: 누 계 | C20: =C19 -> 2846 | D20: =C20+D19 -> 5019 | E20: =D20+E19 -> 6607 | F20: =E20+F19 -> 7802 | G20: =F20+G19 -> 9190 | H20: =G20+H19 -> 10688 | I20: =H20+I19 -> 12019 | J20: =I20+J19 -> 13509 | K20: =J20+K19 -> 15243 | ... N20: =M20+N19 -> 19629 | O20: =N20 -> 19629
A23: 3. 2025년 공급량 계획 | D23: ▶ 2025년 열량값 | E23: 42.369
A24: 구 분 | C24: 1 | D24: 2 | E24: 3 | F24: 4 | G24: 5 | H24: 6 | I24: 7 | J24: 8 | K24: 9 | L24: 10 | M24: 11 | N24: 12 | O24: 연간계 | P24: 검증
A25: 월 공급량 (normal) | B25: ㎥ | P25: =SUM(C25:N25) -> 0 | R25: =O25=P25 -> TRUE
B26: 천㎥ | C26: =ROUND(C25/1000,0) -> 0 | D26: =ROUND(D25/1000,0) -> 0 | E26: =ROUND(E25/1000,0) -> 0 | F26: =ROUND(F25/1000,0) -> 0 | G26: =ROUND(G25/1000,0) -> 0 | H26: =ROUND(H25/1000,0) -> 0 | I26: =ROUND(I25/1000,0) -> 0 | J26: =ROUND(J25/1000,0) -> 0 | ... O26: =ROUND(O25/1000,0) -> 0 | P26: =ROUND(SUM(C26:N26),0) -> 0
B27: 누계 | C27: =C26 -> 0 | D27: =C27+D26 -> 0 | E27: =D27+E26 -> 0 | F27: =E27+F26 -> 0 | G27: =F27+G26 -> 0 | H27: =G27+H26 -> 0 | I27: =H27+I26 -> 0 | J27: =I27+J26 -> 0 | K27: =J27+K26 -> 0 | ... N27: =M27+N26 -> 0 | O27: =N27 -> 0
B28: MJ | C28: 7309529356 | D28: 5744742738 | E28: 4826077152 | F28: 3085078033 | G28: 2471083324 | H28: 2013875903 | I28: 2006152573 | J28: 1921945493 | K28: 2053319154 | L28: 2445221897 | M28: 4470414511 | N28: 7036986674 | O28: 45384426808 | P28: =SUM(C28:N28) -> 45384426808 | R28: =O28=P28 -> TRUE
B29: GJ | C29: =ROUND(C28/1000,0) -> 7309529 | D29: =ROUND(D28/1000,0) -> 5744743 | E29: =ROUND(E28/1000,0) -> 4826077 | F29: =ROUND(F28/1000,0) -> 3085078 | G29: =ROUND(G28/1000,0) -> 2471083 | H29: =ROUND(H28/1000,0) -> 2013876 | I29: =ROUND(I28/1000,0) -> 2006153 | J29: =ROUND(J28/1000,0) -> 1921945 | ... O29: =ROUND(O28/1000,0) -> 45384427 | P29: =SUM(C29:N29) -> 45384427
B30: TJ | C30: =C26*$E$23 -> 0 | D30: =D26*$E$23 -> 0 | E30: =E26*$E$23 -> 0 | F30: =F26*$E$23 -> 0 | G30: =G26*$E$23 -> 0 | H30: =H26*$E$23 -> 0 | I30: =I26*$E$23 -> 0 | J30: =J26*$E$23 -> 0 | ... O30: =O26*$E$23 -> 0 | P30: =ROUND(SUM(C30:N30),0) -> 0
B31: 누계 | C31: =C30 -> 0 | D31: =C31+D30 -> 0 | E31: =D31+E30 -> 0 | F31: =E31+F30 -> 0 | G31: =F31+G30 -> 0 | H31: =G31+H30 -> 0 | I31: =H31+I30 -> 0 | J31: =I31+J30 -> 0 | K31: =J31+K30 -> 0 | ... N31: =M31+N30 -> 0 | O31: =N31 -> 0
A32: 월 공급량 (best) | B32: ㎥ | P32: =SUM(C32:N32) -> 0 | R32: =O32=P32 -> TRUE
B33: 천㎥ | C33: =ROUND(C32/1000,0) -> 0 | D33: =ROUND(D32/1000,0) -> 0 | E33: =ROUND(E32/1000,0) -> 0 | F33: =ROUND(F32/1000,0) -> 0 | G33: =ROUND(G32/1000,0) -> 0 | H33: =ROUND(H32/1000,0) -> 0 | I33: =ROUND(I32/1000,0) -> 0 | J33: =ROUND(J32/1000,0) -> 0 | ... O33: =ROUND(O32/1000,0) -> 0 | P33: =ROUND(SUM(C33:N33),0) -> 0
B34: 누계 | C34: =C33 -> 0 | D34: =C34+D33 -> 0 | E34: =D34+E33 -> 0 | F34: =E34+F33 -> 0 | G34: =F34+G33 -> 0 | H34: =G34+H33 -> 0 | I34: =H34+I33 -> 0 | J34: =I34+J33 -> 0 | K34: =J34+K33 -> 0 | ... N34: =M34+N33 -> 0 | O34: =N34 -> 0
B35: MJ | C35: 7452949954 | D35: 5848989599 | E35: 4923676985 | F35: 3129143048 | G35: 2501464116 | H35: 2036266908 | I35: 2035683908 | J35: 1952402202 | K35: 2077236743 | L35: 2486005138 | M35: 4557272636 | N35: 7173645684 | O35: 46174736921 | P35: =SUM(C35:N35) -> 46174736921 | R35: =O35=P35 -> TRUE
B36: GJ | C36: =ROUND(C35/1000,0) -> 7452950 | D36: =ROUND(D35/1000,0) -> 5848990 | E36: =ROUND(E35/1000,0) -> 4923677 | F36: =ROUND(F35/1000,0) -> 3129143 | G36: =ROUND(G35/1000,0) -> 2501464 | H36: =ROUND(H35/1000,0) -> 2036267 | I36: =ROUND(I35/1000,0) -> 2035684 | J36: =ROUND(J35/1000,0) -> 1952402 | ... O36: =ROUND(O35/1000,0) -> 46174737 | P36: =SUM(C36:N36) -> 46174738
B37: TJ | C37: =C33*$E$23 -> 0 | D37: =D33*$E$23 -> 0 | E37: =E33*$E$23 -> 0 | F37: =F33*$E$23 -> 0 | G37: =G33*$E$23 -> 0 | H37: =H33*$E$23 -> 0 | I37: =I33*$E$23 -> 0 | J37: =J33*$E$23 -> 0 | ... O37: =O33*$E$23 -> 0 | P37: =ROUND(SUM(C37:N37),0) -> 0
B38: 누계 | C38: =C37 -> 0 | D38: =C38+D37 -> 0 | E38: =D38+E37 -> 0 | F38: =E38+F37 -> 0 | G38: =F38+G37 -> 0 | H38: =G38+H37 -> 0 | I38: =H38+I37 -> 0 | J38: =I38+J37 -> 0 | K38: =J38+K37 -> 0 | ... N38: =M38+N37 -> 0 | O38: =N38 -> 0
A39: 월 공급량 (con.) | B39: ㎥ | P39: =SUM(C39:N39) -> 0 | R39: =O39=P39 -> TRUE
B40: 천㎥ | C40: =ROUND(C39/1000,0) -> 0 | D40: =ROUND(D39/1000,0) -> 0 | E40: =ROUND(E39/1000,0) -> 0 | F40: =ROUND(F39/1000,0) -> 0 | G40: =ROUND(G39/1000,0) -> 0 | H40: =ROUND(H39/1000,0) -> 0 | I40: =ROUND(I39/1000,0) -> 0 | J40: =ROUND(J39/1000,0) -> 0 | ... O40: =ROUND(O39/1000,0) -> 0 | P40: =ROUND(SUM(C40:N40),0) -> 0
B41: 누계 | C41: =C40 -> 0 | D41: =C41+D40 -> 0 | E41: =D41+E40 -> 0 | F41: =E41+F40 -> 0 | G41: =F41+G40 -> 0 | H41: =G41+H40 -> 0 | I41: =H41+I40 -> 0 | J41: =I41+J40 -> 0 | K41: =J41+K40 -> 0 | ... N41: =M41+N40 -> 0 | O41: =N41 -> 0
B42: MJ | C42: 7044839530 | D42: 5536848216 | E42: 4663233183 | F42: 2995568879 | G42: 2410203382 | H42: 1972989199 | I42: 1964481820 | J42: 1879524330 | K42: 2003573234 | L42: 2367986414 | M42: 4313138811 | N42: 6763821500 | O42: 43916208498 | P42: =SUM(C42:N42) -> 43916208498 | R42: =O42=P42 -> TRUE
B43: GJ | C43: =ROUND(C42/1000,0) -> 7044840 | D43: =ROUND(D42/1000,0) -> 5536848 | E43: =ROUND(E42/1000,0) -> 4663233 | F43: =ROUND(F42/1000,0) -> 2995569 | G43: =ROUND(G42/1000,0) -> 2410203 | H43: =ROUND(H42/1000,0) -> 1972989 | I43: =ROUND(I42/1000,0) -> 1964482 | J43: =ROUND(J42/1000,0) -> 1879524 | ... O43: =ROUND(O42/1000,0) -> 43916208 | P43: =SUM(C43:N43) -> 43916208
B44: TJ | C44: =C40*$E$23 -> 0 | D44: =D40*$E$23 -> 0 | E44: =E40*$E$23 -> 0 | F44: =F40*$E$23 -> 0 | G44: =G40*$E$23 -> 0 | H44: =H40*$E$23 -> 0 | I44: =I40*$E$23 -> 0 | J44: =J40*$E$23 -> 0 | ... O44: =O40*$E$23 -> 0 | P44: =ROUND(SUM(C44:N44),0) -> 0
B45: 누계 | C45: =C44 -> 0 | D45: =C45+D44 -> 0 | E45: =D45+E44 -> 0 | F45: =E45+F44 -> 0 | G45: =F45+G44 -> 0 | H45: =G45+H44 -> 0 | I45: =H45+I44 -> 0 | J45: =I45+J44 -> 0 | K45: =J45+K44 -> 0 | ... N45: =M45+N44 -> 0 | O45: =N45 -> 0

Sheet 1. 신규개발량_입력
A1: ■ 신규개발량 | E1: 45688 | K1: 2025년 열량값 | L1: 42.369 | N1: 값 입력
A3: 1. 공급전 | M3: - 당월 실적 입력(영업일보) | Q3: - 누계 실적
A4: 구 분 | C4: 전월 | F4: =MONTH($E$1)&"월" -> 1월 | I4: 당년 | K4: 총 누계 | M4: =MONTH($E$1)&"월" -> 1월 | Q4: 누계 전수
C5: 계획 | D5: 실적 | E5: 달성률 | F5: 계획 | G5: 실적 | H5: 달성률 | I5: 계획 | J5: 실적 | M5: 전월 실적 | N5: 당월 실적 | O5: 총 누계 | Q5: 전월까지 | R5: 당월까지 | S5: 연간 누계 | W5: 열병합용 | X5: 세너지 포함
A6: 공동주택 | C6: =IFERROR(HLOOKUP(MONTH($E$1),계획데이터,2,0),"") -> 2514 | D6: =M6 -> 0 | E6: =IFERROR(D6/C6,"") -> 0 | F6: =HLOOKUP(MONTH($E$1),계획데이터,2,0) -> 2514 | G6: =N6 -> 0 | H6: =IFERROR(G6/F6,"") -> 0 | I6: ='3_1. 개발량 계획'!O3 -> 16722 | J6: =Q6+N6 -> 0 | K6: =O6 -> 0 | R6: =G6+Q6 -> 0 | S6: ='3_2. 개발량 실적'!O15 -> 0 | T6: =EXACT(R6,S6) -> TRUE | W6: =O12 -> 0 | X6: =O12+6 -> 6
A7: 단독주택 | C7: =IFERROR(HLOOKUP(MONTH($E$1)-1,계획데이터,4,0),"") | D7: =M7 -> 0 | E7: =IFERROR(D7/C7,"") | F7: =HLOOKUP(MONTH($E$1),계획데이터,4,0) -> 281 | G7: =N7 -> 0 | H7: =IFERROR(G7/F7,"") -> 0 | I7: ='3_1. 개발량 계획'!O5 -> 2372 | J7: =Q7+N7 -> 0 | K7: =O7 -> 0 | R7: =G7+Q7 -> 0 | S7: ='3_2. 개발량 실적'!O17 -> 0 | T7: =EXACT(R7,S7) -> TRUE | W7: =SUM(O8:O11,W6) -> 0 | X7: =SUM(O8:O11,X6) -> 6
A8: 가정용 소계 | C8: =IFERROR(HLOOKUP(MONTH($E$1)-1,계획데이터,6,0),"") | D8: =M8 -> 0 | E8: =IFERROR(D8/C8,"") | F8: =HLOOKUP(MONTH($E$1),계획데이터,6,0) -> 2795 | G8: =N8 -> 0 | H8: =IFERROR(G8/F8,"") -> 0 | I8: ='3_1. 개발량 계획'!O7 -> 19094 | J8: =Q8+N8 -> 0 | K8: =O8 -> 0 | N8: =SUM(N6:N7) -> 0 | O8: =SUM(O6:O7) -> 0 | R8: =G8+Q8 -> 0 | S8: ='3_2. 개발량 실적'!O19 -> 0 | T8: =EXACT(R8,S8) -> TRUE | U8: =SUM(R6:R7) -> 0 | V8: =SUM(S6:S7) -> 0
A9: 일반용 | C9: =IFERROR(HLOOKUP(MONTH($E$1)-1,계획데이터,7,0),"") | D9: =M9 -> 0 | E9: =IFERROR(D9/C9,"") | F9: =HLOOKUP(MONTH($E$1),계획데이터,7,0) -> 66 | G9: =N9 -> 0 | H9: =IFERROR(G9/F9,"") -> 0 | I9: ='3_1. 개발량 계획'!O8 -> 868 | J9: =Q9+N9 -> 0 | K9: =O9 -> 0 | R9: =G9+Q9 -> 0 | S9: ='3_2. 개발량 실적'!O20 -> 0 | T9: =EXACT(R9,S9) -> TRUE
A10: 업무용 | C10: =IFERROR(HLOOKUP(MONTH($E$1)-1,계획데이터,9,0),"") | D10: =M10 -> 0 | E10: =IFERROR(D10/C10,"") | F10: =HLOOKUP(MONTH($E$1),계획데이터,9,0) -> 31 | G10: =N10 -> 0 | H10: =IFERROR(G10/F10,"") -> 0 | I10: ='3_1. 개발량 계획'!O10 -> 313 | J10: =Q10+N10 -> 0 | K10: =O10 -> 0 | R10: =G10+Q10 -> 0 | S10: ='3_2. 개발량 실적'!O22 -> 0 | T10: =EXACT(R10,S10) -> TRUE
A11: 산업용 | C11: =IFERROR(HLOOKUP(MONTH($E$1)-1,계획데이터,11,0),"") | D11: =M11 -> 0 | E11: =IFERROR(D11/C11,"") | F11: =HLOOKUP(MONTH($E$1),계획데이터,11,0) -> 1 | G11: =N11 -> 0 | H11: =IFERROR(G11/F11,"") -> 0 | I11: ='3_1. 개발량 계획'!O12 -> 12 | J11: =Q11+N11 -> 0 | K11: =O11 -> 0 | R11: =G11+Q11 -> 0 | S11: ='3_2. 개발량 실적'!O24 -> 0 | T11: =EXACT(R11,S11) -> TRUE
A12: 열병합 | C12: =IFERROR(HLOOKUP(MONTH($E$1)-1,계획데이터,13,0),"") | D12: =M12 -> 0 | E12: =IFERROR(D12/C12,"") | F12: =HLOOKUP(MONTH($E$1),계획데이터,13,0) -> 0 | G12: =N12 -> 0 | H12: =IFERROR(G12/F12,"") | I12: ='3_1. 개발량 계획'!O14 -> 7 | J12: =Q12+N12 -> 0 | K12: =O12 -> 0 | R12: =G12+Q12 -> 0 | S12: ='3_2. 개발량 실적'!O26 -> 0 | T12: =EXACT(R12,S12) -> TRUE
A13: 합 계 | C13: =IFERROR(HLOOKUP(MONTH($E$1)-1,계획데이터,15,0),"") | D13: =M13 -> 0 | E13: =IFERROR(D13/C13,"") | F13: =HLOOKUP(MONTH($E$1),계획데이터,15,0) -> 2893 | G13: =N13 -> 0 | H13: =IFERROR(G13/F13,"") -> 0 | I13: ='3_1. 개발량 계획'!O16 -> 20294 | J13: =Q13+N13 -> 0 | K13: =O13 -> 0 | N13: =SUM(N8:N12) -> 0 | O13: =SUM(O8:O12) -> 0 | R13: =G13+Q13 -> 0 | S13: ='3_2. 개발량 실적'!O28 -> 0 | T13: =EXACT(R13,S13) -> TRUE
C14: =C8=SUM(C6:C7) -> FALSE | D14: =D8=SUM(D6:D7) -> TRUE | F14: =F8=SUM(F6:F7) -> TRUE | G14: =G8=SUM(G6:G7) -> TRUE | I14: =I8=SUM(I6:I7) -> TRUE | J14: =J8=SUM(J6:J7) -> TRUE | K14: =K8=SUM(K6:K7) -> TRUE | M14: =M8=SUM(M6:M7) -> TRUE | N14: =N8=SUM(N6:N7) -> TRUE | O14: =O8=SUM(O6:O7) -> TRUE | Q14: =Q8=SUM(Q6:Q7) -> TRUE | R14: =R8=SUM(R6:R7) -> TRUE | S14: =S8=SUM(S6:S7) -> TRUE
C15: =C13=SUM(C8:C12) -> FALSE | D15: =D13=SUM(D8:D12) -> TRUE | F15: =F13=SUM(F8:F12) -> TRUE | G15: =G13=SUM(G8:G12) -> TRUE | I15: =I13=SUM(I8:I12) -> TRUE | J15: =J13=SUM(J8:J12) -> TRUE | K15: =K13=SUM(K8:K12) -> TRUE | M15: =M13=SUM(M8:M12) -> TRUE | N15: =N13=SUM(N8:N12) -> TRUE | O15: =O13=SUM(O8:O12) -> TRUE | Q15: =Q13=SUM(Q8:Q12) -> TRUE | R15: =R13=SUM(R8:R12) -> TRUE | S15: =S13=SUM(S8:S12) -> TRUE
M16: ① 당월 실적 → 전월 실적 값 복사 | Q16: ② 당월까지 누계 실적 → 전월까지 누계 실적 값 복사
A18: 2. 신규개발량(㎥) | C18: → 매년 초 전당사용량 변경할 것 (개발량 계획 sheet)
A19: 구 분 | C19: 전월 | F19: =MONTH($E$1)&"월" -> 1월 | I19: 연간 누계
C20: 계획 | D20: 실적 | E20: 달성률 | F20: 계획 | G20: 실적 | H20: 달성률 | I20: 계획 | J20: 추정 실적
A21: 공동주택 | C21: =IFERROR(HLOOKUP(MONTH($E$1)-1,계획데이터,20,0),"") | D21: =IFERROR(HLOOKUP(MONTH($E$1)-1,실적데이터,26,0),"") | E21: =IFERROR(D21/C21,"") | F21: =HLOOKUP(MONTH($E$1),계획데이터,20,0) -> 119164 | G21: =HLOOKUP(MONTH($E$1),실적데이터,26,0) -> 0 | H21: =IFERROR(G21/F21,"") -> 0 | I21: ='3_1. 개발량 계획'!O22 -> 5590728 | J21: ='3_2. 개발량 실적'!O40 -> 0
A22: 단독주택 | C22: =IFERROR(HLOOKUP(MONTH($E$1)-1,계획데이터,23,0),"") | D22: =IFERROR(HLOOKUP(MONTH($E$1)-1,실적데이터,29,0),"") | E22: =IFERROR(D22/C22,"") | F22: =HLOOKUP(MONTH($E$1),계획데이터,23,0) -> 11746 | G22: =HLOOKUP(MONTH($E$1),실적데이터,29,0) -> 0 | H22: =IFERROR(G22/F22,"") -> 0 | I22: ='3_1. 개발량 계획'!O25 -> 616215 | J22: ='3_2. 개발량 실적'!O43 -> 0
A23: 가정용 소계 | C23: =IFERROR(HLOOKUP(MONTH($E$1)-1,계획데이터,26,0),"") | D23: =IFERROR(HLOOKUP(MONTH($E$1)-1,실적데이터,32,0),"") | E23: =IFERROR(D23/C23,"") | F23: =HLOOKUP(MONTH($E$1),계획데이터,26,0) -> 130910 | G23: =HLOOKUP(MONTH($E$1),실적데이터,32,0) -> 0 | H23: =IFERROR(G23/F23,"") -> 0 | I23: ='3_1. 개발량 계획'!O28 -> 6206943 | J23: ='3_2. 개발량 실적'!O46 -> 0
A24: 일반용 | C24: =IFERROR(HLOOKUP(MONTH($E$1)-1,계획데이터,29,0),"") | D24: =IFERROR(HLOOKUP(MONTH($E$1)-1,실적데이터,35,0),"") | E24: =IFERROR(D24/C24,"") | F24: =HLOOKUP(MONTH($E$1),계획데이터,29,0) -> 13233 | G24: =HLOOKUP(MONTH($E$1),실적데이터,35,0) -> 0 | H24: =IFERROR(G24/F24,"") -> 0 | I24: ='3_1. 개발량 계획'!O31 -> 1072294 | J24: ='3_2. 개발량 실적'!O49 -> 0
A25: 업무용 | C25: =IFERROR(HLOOKUP(MONTH($E$1)-1,계획데이터,32,0),"") | D25: =IFERROR(HLOOKUP(MONTH($E$1)-1,실적데이터,38,0),"") | E25: =IFERROR(D25/C25,"") | F25: =HLOOKUP(MONTH($E$1),계획데이터,32,0) -> 12720 | G25: =HLOOKUP(MONTH($E$1),실적데이터,38,0) -> 0 | H25: =IFERROR(G25/F25,"") -> 0 | I25: ='3_1. 개발량 계획'!O34 -> 1145237 | J25: ='3_2. 개발량 실적'!O52 -> 0
A26: 산업용 | C26: =IFERROR(HLOOKUP(MONTH($E$1)-1,계획데이터,35,0),"") | D26: =IFERROR(HLOOKUP(MONTH($E$1)-1,실적데이터,41,0),"") | E26: =IFERROR(D26/C26,"") | F26: =HLOOKUP(MONTH($E$1),계획데이터,35,0) -> 5000 | G26: =HLOOKUP(MONTH($E$1),실적데이터,41,0) -> 0 | H26: =IFERROR(G26/F26,"") -> 0 | I26: ='3_1. 개발량 계획'!O37 -> 540000 | J26: ='3_2. 개발량 실적'!O55 -> 0
A27: 열병합 | C27: =IFERROR(HLOOKUP(MONTH($E$1)-1,계획데이터,38,0),"") | D27: =IFERROR(HLOOKUP(MONTH($E$1)-1,실적데이터,44,0),"") | E27: =IFERROR(D27/C27,"") | F27: =HLOOKUP(MONTH($E$1),계획데이터,38,0) -> 0 | G27: =HLOOKUP(MONTH($E$1),실적데이터,44,0) -> 0 | H27: =IFERROR(G27/F27,"") | I27: ='3_1. 개발량 계획'!O40 -> 0 | J27: ='3_2. 개발량 실적'!O58 -> 0
A28: 합 계(㎥) | C28: =IFERROR(HLOOKUP(MONTH($E$1)-1,계획데이터,44,0),"") | D28: =IFERROR(HLOOKUP(MONTH($E$1)-1,실적데이터,50,0),"") | E28: =IFERROR(D28/C28,"") | F28: =HLOOKUP(MONTH($E$1),계획데이터,44,0) -> 161863 | G28: =HLOOKUP(MONTH($E$1),실적데이터,50,0) -> 0 | H28: =IFERROR(G28/F28,"") -> 0 | I28: ='3_1. 개발량 계획'!O46 -> 8964474 | J28: ='3_2. 개발량 실적'!O64 -> 0
A29: 합 계(GJ) | C29: =IFERROR(HLOOKUP(MONTH($E$1)-1,계획데이터,81,0),"") | D29: =IFERROR(HLOOKUP(MONTH($E$1)-1,실적데이터,80,0),"") | E29: =IFERROR(D29/C29,"") | F29: =HLOOKUP(MONTH($E$1),계획데이터,81,0) -> 6857825 | G29: =HLOOKUP(MONTH($E$1),실적데이터,80,0) -> 0 | H29: =IFERROR(G29/F29,"") -> 0 | I29: ='3_1. 개발량 계획'!O83 -> 379801228 | J29: ='3_2. 개발량 실적'!O94 -> 0
C30: =C23=SUM(C21:C22) -> FALSE | D30: =D23=SUM(D21:D22) -> FALSE | F30: =F23=SUM(F21:F22) -> TRUE | G30: =G23=SUM(G21:G22) -> TRUE | I30: =I23=SUM(I21:I22) -> TRUE | J30: =J23=SUM(J21:J22) -> TRUE
C31: =C28=SUM(C23:C27) -> FALSE | D31: =D28=SUM(D23:D27) -> FALSE | F31: =F28=SUM(F23:F27) -> TRUE | G31: =G28=SUM(G23:G27) -> TRUE | I31: =I28=SUM(I23:I27) -> TRUE | J31: =J28=SUM(J23:J27) -> TRUE
C32: =IFERROR(C29/C28,"") | D32: =IFERROR(D29/D28,"") | F32: =F29/F28 -> 42.368083 | G32: =G29/G28 -> #DIV/0! | I32: =I29/I28 -> 42.367375 | J32: =J29/J28 -> #DIV/0!
A34: 3. 연간 공급량
A35: 구 분 | C35: 연간 | F35: =MONTH($E$1)&"월" -> 1월
C36: 계획 | D36: 실적 | E36: 달성률 | F36: 실적 | G36: 연간 달성률
A37: 부피(천㎥) | C37: 1117503 | E37: =D37/C37 -> 0 | G37: 0.8055
A38: 열량(GJ) | C38: 47722728 | E38: =D38/C38 -> 0
A41: 4. 업무용, 산업용 실적
A42: 구 분 | C42: 산업용 | F42: 업무용 | I42: 열병합
C43: 업체명 | D43: 전수 | E43: 사용량(㎥) | F43: 업체명 | G43: 전수 | H43: 사용량(㎥) | I43: 업체명 | J43: 전수 | K43: 사용량(㎥)
A44: 합 계 | D44: =SUM(D45:D53) -> 0 | E44: =ROUND(SUM(E45:E53),0) -> 0 | G44: =SUM(G45:G53) -> 0 | H44: =ROUND(SUM(H45:H53),0) -> 0 | J44: =SUM(J45:J53) -> 0 | K44: =ROUND(SUM(K45:K53),0) -> 0
A45: 산업에너지팀

Sheet 2. 월별 실적(2024년)
A1: ■ 실적(2025년) | F1: 값 입력
A3: 1. 공급전 실적
A4: 구 분 | C4: 상 반 기 | I4: 하 반 기 | O4: 연간계
C5: 1 | D5: 2 | E5: 3 | F5: 4 | G5: 5 | H5: 6 | I5: 7 | J5: 8 | K5: 9 | L5: 10 | M5: 11 | N5: 12
A6: 공동주택 | O6: =SUM(C6:N6) -> 0
A7: 단독주택 | O7: =SUM(C7:N7) -> 0
A8: 가정용 소계 | C8: =SUM(C6:C7) -> 0 | D8: =SUM(D6:D7) -> 0 | E8: =SUM(E6:E7) -> 0 | F8: =SUM(F6:F7) -> 0 | G8: =SUM(G6:G7) -> 0 | H8: =SUM(H6:H7) -> 0 | I8: =SUM(I6:I7) -> 0 | J8: =SUM(J6:J7) -> 0 | ... N8: =SUM(N6:N7) -> 0 | O8: =SUM(C8:N8) -> 0
A9: 일반용 | O9: =SUM(C9:N9) -> 0
A10: 업무용 | O10: =SUM(C10:N10) -> 0
A11: 산업용 | O11: =SUM(C11:N11) -> 0
A12: 열병합 | O12: =SUM(C12:N12) -> 0
A13: 합 계 | C13: =SUM(C8:C12) -> 0 | D13: =SUM(D8:D12) -> 0 | E13: =SUM(E8:E12) -> 0 | F13: =SUM(F8:F12) -> 0 | G13: =SUM(G8:G12) -> 0 | H13: =SUM(H8:H12) -> 0 | I13: =SUM(I8:I12) -> 0 | J13: =SUM(J8:J12) -> 0 | ... N13: =SUM(N8:N12) -> 0 | O13: =SUM(C13:N13) -> 0
A16: 2. 공급전 누계
A17: 구 분 | C17: 상 반 기 | H17: 하 반 기 | O17: 연간 누계
C18: 1 | D18: 2 | E18: 3 | F18: 4 | G18: 5 | H18: 6 | I18: 7 | J18: 8 | K18: 9 | L18: 10 | M18: 11 | N18: 12
A19: 공동주택 | C19: =C6 -> 0 | D19: =C19+D6 -> 0 | E19: =D19+E6 -> 0 | F19: =E19+F6 -> 0 | G19: =F19+G6 -> 0 | H19: =G19+H6 -> 0 | I19: =H19+I6 -> 0 | J19: =I19+J6 -> 0 | K19: =J19+K6 -> 0 | ... N19: =M19+N6 -> 0 | O19: =N19 -> 0
A20: 단독주택 | C20: =C7 -> 0 | D20: =C20+D7 -> 0 | E20: =D20+E7 -> 0 | F20: =E20+F7 -> 0 | G20: =F20+G7 -> 0 | H20: =G20+H7 -> 0 | I20: =H20+I7 -> 0 | J20: =I20+J7 -> 0 | K20: =J20+K7 -> 0 | ... N20: =M20+N7 -> 0 | O20: =N20 -> 0
A21: 가정용 소계 | C21: =C8 -> 0 | D21: =C21+D8 -> 0 | E21: =D21+E8 -> 0 | F21: =E21+F8 -> 0 | G21: =F21+G8 -> 0 | H21: =G21+H8 -> 0 | I21: =H21+I8 -> 0 | J21: =I21+J8 -> 0 | K21: =J21+K8 -> 0 | ... N21: =M21+N8 -> 0 | O21: =N21 -> 0
A22: 일반용 | C22: =C9 -> 0 | D22: =C22+D9 -> 0 | E22: =D22+E9 -> 0 | F22: =E22+F9 -> 0 | G22: =F22+G9 -> 0 | H22: =G22+H9 -> 0 | I22: =H22+I9 -> 0 | J22: =I22+J9 -> 0 | K22: =J22+K9 -> 0 | ... N22: =M22+N9 -> 0 | O22: =N22 -> 0
A23: 업무용 | C23: =C10 -> 0 | D23: =C23+D10 -> 0 | E23: =D23+E10 -> 0 | F23: =E23+F10 -> 0 | G23: =F23+G10 -> 0 | H23: =G23+H10 -> 0 | I23: =H23+I10 -> 0 | J23: =I23+J10 -> 0 | K23: =J23+K10 -> 0 | ... N23: =M23+N10 -> 0 | O23: =N23 -> 0
A24: 산업용 | C24: =C11 -> 0 | D24: =C24+D11 -> 0 | E24: =D24+E11 -> 0 | F24: =E24+F11 -> 0 | G24: =F24+G11 -> 0 | H24: =G24+H11 -> 0 | I24: =H24+I11 -> 0 | J24: =I24+J11 -> 0 | K24: =J24+K11 -> 0 | ... N24: =M24+N11 -> 0 | O24: =N24 -> 0
A25: 열병합 | C25: =C12 -> 0 | D25: =C25+D12 -> 0 | E25: =D25+E12 -> 0 | F25: =E25+F12 -> 0 | G25: =F25+G12 -> 0 | H25: =G25+H12 -> 0 | I25: =H25+I12 -> 0 | J25: =I25+J12 -> 0 | K25: =J25+K12 -> 0 | ... N25: =M25+N12 -> 0 | O25: =N25 -> 0
A26: 합 계 | C26: =C13 -> 0 | D26: =C26+D13 -> 0 | E26: =D26+E13 -> 0 | F26: =E26+F13 -> 0 | G26: =F26+G13 -> 0 | H26: =G26+H13 -> 0 | I26: =H26+I13 -> 0 | J26: =I26+J13 -> 0 | K26: =J26+K13 -> 0 | ... N26: =M26+N13 -> 0 | O26: =N26 -> 0
A29: 3. 공급량 실적 | E29: → [공급량 재산정] 파일 → 확정 공급량 값 입력
A30: 구 분 | C30: 상 반 기 | H30: 하 반 기 | O30: 연간 계
C31: 1 | D31: 2 | E31: 3 | F31: 4 | G31: 5 | H31: 6 | I31: 7 | J31: 8 | K31: 9 | L31: 10 | M31: 11 | N31: 12
A32: 가정용 | O32: =SUM(C32:N32) -> 0
A33: 일반용 | O33: =SUM(C33:N33) -> 0
A34: 업무용 | O34: =SUM(C34:N34) -> 0
A35: 산업용 | O35: =SUM(C35:N35) -> 0
A36: 열병합 | O36: =SUM(C36:N36) -> 0
A37: CNG | O37: =SUM(C37:N37) -> 0
A38: 합 계(㎥) | C38: =SUM(C32:C37) -> 0 | D38: =SUM(D32:D37) -> 0 | E38: =SUM(E32:E37) -> 0 | F38: =SUM(F32:F37) -> 0 | G38: =SUM(G32:G37) -> 0 | H38: =SUM(H32:H37) -> 0 | I38: =SUM(I32:I37) -> 0 | J38: =SUM(J32:J37) -> 0 | ... N38: =SUM(N32:N37) -> 0 | O38: =SUM(C38:N38) -> 0
A40: ▶ 공급량 확정값 입력(전체) | E40: → [공급량 일일보고서] 파일 → 총 공급량 | H40: ='0. 사업계획'!D23 -> ▶ 2025년 열량값 | I40: ='0. 사업계획'!E23 -> 42.369
A41: 부 피 | B41: (N㎥) | O41: =SUM(C41:N41) -> 0
B42: (천N㎥) | C42: =ROUND(C41/1000,1) -> 0 | D42: =ROUND(D41/1000,1) -> 0 | E42: =ROUND(E41/1000,1) -> 0 | F42: =ROUND(F41/1000,1) -> 0 | G42: =ROUND(G41/1000,1) -> 0 | H42: =ROUND(H41/1000,1) -> 0 | I42: =ROUND(I41/1000,1) -> 0 | J42: =ROUND(J41/1000,1) -> 0 | ... N42: =ROUND(N41/1000,1) -> 0
A43: 누 계(천N㎥) | C43: =C42 -> 0 | D43: =C43+D42 -> 0 | E43: =D43+E42 -> 0 | F43: =E43+F42 -> 0 | G43: =F43+G42 -> 0 | H43: =G43+H42 -> 0 | I43: =H43+I42 -> 0 | J43: =I43+J42 -> 0 | K43: =J43+K42 -> 0 | ... N43: =M43+N42 -> 0 | O43: =N43 -> 0
A44: 열량 | B44: GJ | O44: =SUM(C44:N44) -> 0
B45: TJ | C45: =ROUND(C44/1000,1) -> 0 | D45: =ROUND(D44/1000,1) -> 0 | E45: =ROUND(E44/1000,1) -> 0 | F45: =ROUND(F44/1000,1) -> 0 | G45: =ROUND(G44/1000,1) -> 0 | H45: =ROUND(H44/1000,1) -> 0 | I45: =ROUND(I44/1000,1) -> 0 | J45: =ROUND(J44/1000,1) -> 0 | ... N45: =ROUND(N44/1000,1) -> 0
A46: 누 계(TJ) | C46: =C45 -> 0 | D46: =C46+D45 -> 0 | E46: =D46+E45 -> 0 | F46: =E46+F45 -> 0 | G46: =F46+G45 -> 0 | H46: =G46+H45 -> 0 | I46: =H46+I45 -> 0 | J46: =I46+J45 -> 0 | K46: =J46+K45 -> 0 | ... N46: =M46+N45 -> 0 | O46: =N46 -> 0
C48: =EXACT(C38,C41) -> FALSE | D48: =EXACT(D38,D41) -> FALSE | E48: =EXACT(E38,E41) -> FALSE | F48: =EXACT(F38,F41) -> FALSE | G48: =EXACT(G38,G41) -> FALSE | H48: =EXACT(H38,H41) -> FALSE | I48: =EXACT(I38,I41) -> FALSE | J48: =EXACT(J38,J41) -> FALSE | ... O48: =EXACT(O38,O41) -> TRUE

Sheet 3_1. 개발량 계획
A1: 1. 공급전 계획 | N1: 2025년 열량값 | O1: 42.369 | R1: (250124) 3. 주택형태별 연간사용량 분석_작성_격월검침반영_확정
A2: 구분 | C2: 1 | D2: 2 | E2: 3 | F2: 4 | G2: 5 | H2: 6 | I2: 7 | J2: 8 | K2: 9 | L2: 10 | M2: 11 | N2: 12 | O2: 계 | P2: 1 | R2: 2025년 전당사용량
A3: 공동주택 | C3: 2514 | D3: 1896 | E3: 1311 | F3: 913 | G3: 1180 | H3: 1298 | I3: 1130 | J3: 1397 | K3: 1576 | L3: 1185 | M3: 1125 | N3: 1197 | O3: =SUM(C3:N3) -> 16722 | P3: 2
B4: (누계) | C4: =C3 -> 2514 | D4: =C4+D3 -> 4410 | E4: =D4+E3 -> 5721 | F4: =E4+F3 -> 6634 | G4: =F4+G3 -> 7814 | H4: =G4+H3 -> 9112 | I4: =H4+I3 -> 10242 | J4: =I4+J3 -> 11639 | K4: =J4+K3 -> 13215 | ... N4: =M4+N3 -> 16722 | P4: 3
A5: 단독주택 | C5: 281 | D5: 196 | E5: 153 | F5: 152 | G5: 145 | H5: 153 | I5: 179 | J5: 170 | K5: 185 | L5: 209 | M5: 245 | N5: 304 | O5: =SUM(C5:N5) -> 2372 | P5: 4
B6: (누계) | C6: =C5 -> 281 | D6: =C6+D5 -> 477 | E6: =D6+E5 -> 630 | F6: =E6+F5 -> 782 | G6: =F6+G5 -> 927 | H6: =G6+H5 -> 1080 | I6: =H6+I5 -> 1259 | J6: =I6+J5 -> 1429 | K6: =J6+K5 -> 1614 | ... N6: =M6+N5 -> 2372 | P6: 5
A7: 가정용 | C7: =C3+C5 -> 2795 | D7: =D3+D5 -> 2092 | E7: =E3+E5 -> 1464 | F7: =F3+F5 -> 1065 | G7: =G3+G5 -> 1325 | H7: =H3+H5 -> 1451 | I7: =I3+I5 -> 1309 | J7: =J3+J5 -> 1567 | ... N7: =N3+N5 -> 1501 | O7: =SUM(C7:N7) -> 19094 | P7: 6
A8: 일반용 | C8: 66 | D8: 57 | E8: 71 | F8: 72 | G8: 72 | H8: 67 | I8: 70 | J8: 65 | K8: 69 | L8: 77 | M8: 92 | N8: 90 | O8: =SUM(C8:N8) -> 868 | P8: 7
B9: (누계) | C9: =C8 -> 66 | D9: =C9+D8 -> 123 | E9: =D9+E8 -> 194 | F9: =E9+F8 -> 266 | G9: =F9+G8 -> 338 | H9: =G9+H8 -> 405 | I9: =H9+I8 -> 475 | J9: =I9+J8 -> 540 | K9: =J9+K8 -> 609 | ... N9: =M9+N8 -> 868 | P9: 8
A10: 업무용 | C10: 31 | D10: 24 | E10: 27 | F10: 33 | G10: 25 | H10: 22 | I10: 23 | J10: 27 | K10: 16 | L10: 23 | M10: 32 | N10: 30 | O10: =SUM(C10:N10) -> 313 | P10: 9
B11: (누계) | C11: =C10 -> 31 | D11: =C11+D10 -> 55 | E11: =D11+E10 -> 82 | F11: =E11+F10 -> 115 | G11: =F11+G10 -> 140 | H11: =G11+H10 -> 162 | I11: =H11+I10 -> 185 | J11: =I11+J10 -> 212 | K11: =J11+K10 -> 228 | ... N11: =M11+N10 -> 313 | P11: 10
A12: 산업용 | C12: 1 | D12: 1 | E12: 0 | F12: 1 | G12: 1 | H12: 1 | I12: 0 | J12: 1 | K12: 0 | L12: 1 | M12: 3 | N12: 2 | O12: =SUM(C12:N12) -> 12 | P12: 11
B13: (누계) | C13: =C12 -> 1 | D13: =C13+D12 -> 2 | E13: =D13+E12 -> 2 | F13: =E13+F12 -> 3 | G13: =F13+G12 -> 4 | H13: =G13+H12 -> 5 | I13: =H13+I12 -> 5 | J13: =I13+J12 -> 6 | K13: =J13+K12 -> 6 | ... N13: =M13+N12 -> 12 | P13: 12
A14: 열병합용 | C14: 0 | D14: 0 | E14: 0 | F14: 1 | G14: 0 | H14: 0 | I14: 4 | J14: 1 | K14: 0 | L14: 0 | M14: 0 | N14: 1 | O14: =SUM(C14:N14) -> 7 | P14: 13
B15: (누계) | C15: =C14 -> 0 | D15: =C15+D14 -> 0 | E15: =D15+E14 -> 0 | F15: =E15+F14 -> 1 | G15: =F15+G14 -> 1 | H15: =G15+H14 -> 1 | I15: =H15+I14 -> 5 | J15: =I15+J14 -> 6 | K15: =J15+K14 -> 6 | ... N15: =M15+N14 -> 7 | P15: 14
A16: 합 계 | C16: =SUM(C3,C5,C8,C10,C12,C14) -> 2893 | D16: =SUM(D3,D5,D8,D10,D12,D14) -> 2174 | E16: =SUM(E3,E5,E8,E10,E12,E14) -> 1562 | F16: =SUM(F3,F5,F8,F10,F12,F14) -> 1172 | G16: =SUM(G3,G5,G8,G10,G12,G14) -> 1423 | H16: =SUM(H3,H5,H8,H10,H12,H14) -> 1541 | I16: =SUM(I3,I5,I8,I10,I12,I14) -> 1406 | J16: =SUM(J3,J5,J8,J10,J12,J14) -> 1661 | ... N16: =SUM(N3,N5,N8,N10,N12,N14) -> 1624 | O16: =SUM(C16:N16) -> 20294 | P16: 15
B17: (누계) | C17: =C16 -> 2893 | D17: =C17+D16 -> 5067 | E17: =D17+E16 -> 6629 | F17: =E17+F16 -> 7801 | G17: =F17+G16 -> 9224 | H17: =G17+H16 -> 10765 | I17: =H17+I16 -> 12171 | J17: =I17+J16 -> 13832 | K17: =J17+K16 -> 15678 | ... N17: =M17+N16 -> 20294 | P17: 16
P18: 17
A19: 2. 신규개발량(㎥) | P19: 18
A20: 구분 | C20: 1 | D20: 2 | E20: 3 | F20: 4 | G20: 5 | H20: 6 | I20: 7 | J20: 8 | K20: 9 | L20: 10 | M20: 11 | N20: 12 | O20: 계 | P20: 19 | R20: 2025년 | S20: 2024년
A21: 공동주택 | C21: =ROUND(C3*$R$21,0) -> 119164 | D21: =ROUND(D3*$R$21,0) -> 89870 | E21: =ROUND(E3*$R$21,0) -> 62141 | F21: =ROUND(F3*$R$21,0) -> 43276 | G21: =ROUND(G3*$R$21,0) -> 55932 | H21: =ROUND(H3*$R$21,0) -> 61525 | I21: =ROUND(I3*$R$21,0) -> 53562 | J21: =ROUND(J3*$R$21,0) -> 66218 | ... N21: =ROUND(N3*$R$21,0) -> 56738 | O21: =SUM(C21:N21) -> 792622 | P21: 20 | Q21: 공동주택 | R21: 47.4 | S21: 50.42 | T21: =R21-S21 -> -3.02
B22: (누계) | C22: =C21 -> 119164 | D22: =C22+D21 -> 209034 | E22: =D22+E21 -> 271175 | F22: =E22+F21 -> 314451 | G22: =F22+G21 -> 370383 | H22: =G22+H21 -> 431908 | I22: =H22+I21 -> 485470 | J22: =I22+J21 -> 551688 | K22: =J22+K21 -> 626390 | ... N22: =M22+N21 -> 792622 | O22: =SUM(C22:N22) -> 5590728 | P22: 21
B23: (누적) | C23: =C22 -> 119164 | D23: =C23+D22 -> 328198 | E23: =D23+E22 -> 599373 | F23: =E23+F22 -> 913824 | G23: =F23+G22 -> 1284207 | H23: =G23+H22 -> 1716115 | I23: =H23+I22 -> 2201585 | J23: =I23+J22 -> 2753273 | K23: =J23+K22 -> 3379663 | ... N23: =M23+N22 -> 5590728 | O23: =EXACT(O22,N23) -> TRUE | P23: 22
A24: 단독주택 | C24: =ROUND(C5*$R$24,0) -> 11746 | D24: =ROUND(D5*$R$24,0) -> 8193 | E24: =ROUND(E5*$R$24,0) -> 6395 | F24: =ROUND(F5*$R$24,0) -> 6354 | G24: =ROUND(G5*$R$24,0) -> 6061 | H24: =ROUND(H5*$R$24,0) -> 6395 | I24: =ROUND(I5*$R$24,0) -> 7482 | J24: =ROUND(J5*$R$24,0) -> 7106 | ... N24: =ROUND(N5*$R$24,0) -> 12707 | O24: =SUM(C24:N24) -> 99149 | P24: 23 | Q24: 단독주택 | R24: 41.8 | S24: 44.11 | T24: =R24-S24 -> -2.31
B25: (누계) | C25: =C24 -> 11746 | D25: =C25+D24 -> 19939 | E25: =D25+E24 -> 26334 | F25: =E25+F24 -> 32688 | G25: =F25+G24 -> 38749 | H25: =G25+H24 -> 45144 | I25: =H25+I24 -> 52626 | J25: =I25+J24 -> 59732 | K25: =J25+K24 -> 67465 | ... N25: =M25+N24 -> 99149 | O25: =SUM(C25:N25) -> 616215 | P25: 24
B26: (누적) | C26: =C25 -> 11746 | D26: =C26+D25 -> 31685 | E26: =D26+E25 -> 58019 | F26: =E26+F25 -> 90707 | G26: =F26+G25 -> 129456 | H26: =G26+H25 -> 174600 | I26: =H26+I25 -> 227226 | J26: =I26+J25 -> 286958 | K26: =J26+K25 -> 354423 | ... N26: =M26+N25 -> 616215 | O26: =EXACT(O25,N26) -> TRUE | P26: 25
A27: 가정용 | C27: =C21+C24 -> 130910 | D27: =D21+D24 -> 98063 | E27: =E21+E24 -> 68536 | F27: =F21+F24 -> 49630 | G27: =G21+G24 -> 61993 | H27: =H21+H24 -> 67920 | I27: =I21+I24 -> 61044 | J27: =J21+J24 -> 73324 | ... N27: =N21+N24 -> 69445 | O27: =SUM(C27:N27) -> 891771 | P27: 26
B28: (누계) | C28: =C27 -> 130910 | D28: =C28+D27 -> 228973 | E28: =D28+E27 -> 297509 | F28: =E28+F27 -> 347139 | G28: =F28+G27 -> 409132 | H28: =G28+H27 -> 477052 | I28: =H28+I27 -> 538096 | J28: =I28+J27 -> 611420 | K28: =J28+K27 -> 693855 | ... N28: =M28+N27 -> 891771 | O28: =SUM(C28:N28) -> 6206943 | P28: 27
B29: (누적) | C29: =C28 -> 130910 | D29: =C29+D28 -> 359883 | E29: =D29+E28 -> 657392 | F29: =E29+F28 -> 1004531 | G29: =F29+G28 -> 1413663 | H29: =G29+H28 -> 1890715 | I29: =H29+I28 -> 2428811 | J29: =I29+J28 -> 3040231 | K29: =J29+K28 -> 3734086 | ... N29: =M29+N28 -> 6206943 | O29: =N29=(N23+N26) -> TRUE | P29: 28
A30: 일반용 | C30: =ROUND(C8*$R$30,0) -> 13233 | D30: =ROUND(D8*$R$30,0) -> 11429 | E30: =ROUND(E8*$R$30,0) -> 14236 | F30: =ROUND(F8*$R$30,0) -> 14436 | G30: =ROUND(G8*$R$30,0) -> 14436 | H30: =ROUND(H8*$R$30,0) -> 13434 | I30: =ROUND(I8*$R$30,0) -> 14035 | J30: =ROUND(J8*$R$30,0) -> 13033 | ... N30: =ROUND(N8*$R$30,0) -> 18045 | O30: =SUM(C30:N30) -> 174037 | P30: 29 | Q30: 일반용 | R30: 200.5 | S30: 118 | T30: =R30-S30 -> 82.5
B31: (누계) | C31: =C30 -> 13233 | D31: =C31+D30 -> 24662 | E31: =D31+E30 -> 38898 | F31: =E31+F30 -> 53334 | G31: =F31+G30 -> 67770 | H31: =G31+H30 -> 81204 | I31: =H31+I30 -> 95239 | J31: =I31+J30 -> 108272 | K31: =J31+K30 -> 122107 | ... N31: =M31+N30 -> 174037 | O31: =SUM(C31:N31) -> 1072294 | P31: 30
B32: (누적) | C32: =C31 -> 13233 | D32: =C32+D31 -> 37895 | E32: =D32+E31 -> 76793 | F32: =E32+F31 -> 130127 | G32: =F32+G31 -> 197897 | H32: =G32+H31 -> 279101 | I32: =H32+I31 -> 374340 | J32: =I32+J31 -> 482612 | K32: =J32+K31 -> 604719 | ... N32: =M32+N31 -> 1072294 | O32: =EXACT(O31,N32) -> TRUE | P32: 31
A33: 업무용 | C33: ='5. 업무용 판매량(2025년)'!D116 -> 12720 | D33: ='5. 업무용 판매량(2025년)'!E116 -> 14061 | E33: ='5. 업무용 판매량(2025년)'!F116 -> 14748 | F33: ='5. 업무용 판매량(2025년)'!G116 -> 18134 | G33: ='5. 업무용 판매량(2025년)'!H116 -> 15552 | H33: ='5. 업무용 판매량(2025년)'!I116 -> 9691 | I33: ='5. 업무용 판매량(2025년)'!J116 -> 13799 | J33: ='5. 업무용 판매량(2025년)'!K116 -> 20789 | ... N33: ='5. 업무용 판매량(2025년)'!O116 -> 20189 | O33: =SUM(C33:N33) -> 183397 | P33: 32
B34: (누계) | C34: =C33 -> 12720 | D34: =C34+D33 -> 26781 | E34: =D34+E33 -> 41529 | F34: =E34+F33 -> 59663 | G34: =F34+G33 -> 75215 | H34: =G34+H33 -> 84906 | I34: =H34+I33 -> 98705 | J34: =I34+J33 -> 119494 | K34: =J34+K33 -> 130804 | ... N34: =M34+N33 -> 183397 | O34: =SUM(C34:N34) -> 1145237 | P34: 33
B35: (누적) | C35: =C34 -> 12720 | D35: =C35+D34 -> 39501 | E35: =D35+E34 -> 81030 | F35: =E35+F34 -> 140693 | G35: =F35+G34 -> 215908 | H35: =G35+H34 -> 300814 | I35: =H35+I34 -> 399519 | J35: =I35+J34 -> 519013 | K35: =J35+K34 -> 649817 | ... N35: =M35+N34 -> 1145237 | O35: =EXACT(O34,N35) -> TRUE | P35: 34
A36: 산업용 | C36: ='4_5. 산업용 판매량(2025년)'!E46 -> 5000 | D36: ='4_5. 산업용 판매량(2025년)'!F46 -> 20000 | E36: ='4_5. 산업용 판매량(2025년)'!G46 -> 0 | F36: ='4_5. 산업용 판매량(2025년)'!H46 -> 5000 | G36: ='4_5. 산업용 판매량(2025년)'!I46 -> 5000 | H36: ='4_5. 산업용 판매량(2025년)'!J46 -> 5000 | I36: ='4_5. 산업용 판매량(2025년)'!K46 -> 0 | J36: ='4_5. 산업용 판매량(2025년)'!L46 -> 5000 | ... N36: ='4_5. 산업용 판매량(2025년)'!P46 -> 10000 | O36: =SUM(C36:N36) -> 105000 | P36: 35
B37: (누계) | C37: =C36 -> 5000 | D37: =C37+D36 -> 25000 | E37: =D37+E36 -> 25000 | F37: =E37+F36 -> 30000 | G37: =F37+G36 -> 35000 | H37: =G37+H36 -> 40000 | I37: =H37+I36 -> 40000 | J37: =I37+J36 -> 45000 | K37: =J37+K36 -> 45000 | ... N37: =M37+N36 -> 105000 | O37: =SUM(C37:N37) -> 540000 | P37: 36
B38: (누적) | C38: =C37 -> 5000 | D38: =C38+D37 -> 30000 | E38: =D38+E37 -> 55000 | F38: =E38+F37 -> 85000 | G38: =F38+G37 -> 120000 | H38: =G38+H37 -> 160000 | I38: =H38+I37 -> 200000 | J38: =I38+J37 -> 245000 | K38: =J38+K37 -> 290000 | ... N38: =M38+N37 -> 540000 | O38: =EXACT(O37,N38) -> TRUE | P38: 37
A39: 열병합용 | C39: 0 | D39: 0 | E39: 0 | F39: 0 | G39: 0 | H39: 0 | I39: 0 | J39: 0 | K39: 0 | L39: 0 | M39: 0 | N39: 0 | O39: =SUM(C39:N39) -> 0 | P39: 38
B40: (누계) | C40: =C39 -> 0 | D40: =C40+D39 -> 0 | E40: =D40+E39 -> 0 | F40: =E40+F39 -> 0 | G40: =F40+G39 -> 0 | H40: =G40+H39 -> 0 | I40: =H40+I39 -> 0 | J40: =I40+J39 -> 0 | K40: =J40+K39 -> 0 | ... N40: =M40+N39 -> 0 | O40: =SUM(C40:N40) -> 0 | P40: 39
B41: (누적) | C41: =C40 -> 0 | D41: =C41+D40 -> 0 | E41: =D41+E40 -> 0 | F41: =E41+F40 -> 0 | G41: =F41+G40 -> 0 | H41: =G41+H40 -> 0 | I41: =H41+I40 -> 0 | J41: =I41+J40 -> 0 | K41: =J41+K40 -> 0 | ... N41: =M41+N40 -> 0 | O41: =EXACT(O40,N41) -> TRUE | P41: 40
A42: 수송용 | O42: =SUM(C42:N42) -> 0 | P42: 41
B43: (누계) | O43: =SUM(C43:N43) -> 0 | P43: 42
B44: (누적) | C44: =ROUND(C95,0) -> 0 | D44: =ROUND(D95,0) -> 0 | E44: =ROUND(E95,0) -> 0 | F44: =ROUND(F95,0) -> 0 | G44: =ROUND(G95,0) -> 0 | H44: =ROUND(H95,0) -> 0 | I44: =ROUND(I95,0) -> 0 | J44: =ROUND(J95,0) -> 0 | ... N44: =ROUND(N95,0) -> 0 | P44: 43
A45: 합계 | C45: =C21+C24+C30+C33+C36+C39 -> 161863 | D45: =D21+D24+D30+D33+D36+D39 -> 143553 | E45: =E21+E24+E30+E33+E36+E39 -> 97520 | F45: =F21+F24+F30+F33+F36+F39 -> 87200 | G45: =G21+G24+G30+G33+G36+G39 -> 96981 | H45: =H21+H24+H30+H33+H36+H39 -> 96045 | I45: =I21+I24+I30+I33+I36+I39 -> 88878 | J45: =J21+J24+J30+J33+J36+J39 -> 112146 | ... N45: =N21+N24+N30+N33+N36+N39 -> 117679 | O45: =SUM(C45:N45) -> 1354205 | P45: 44
B46: (누계) | C46: =C22+C25+C31+C34+C37+C40 -> 161863 | D46: =D22+D25+D31+D34+D37+D40 -> 305416 | E46: =E22+E25+E31+E34+E37+E40 -> 402936 | F46: =F22+F25+F31+F34+F37+F40 -> 490136 | G46: =G22+G25+G31+G34+G37+G40 -> 587117 | H46: =H22+H25+H31+H34+H37+H40 -> 683162 | I46: =I22+I25+I31+I34+I37+I40 -> 772040 | J46: =J22+J25+J31+J34+J37+J40 -> 884186 | ... N46: =N22+N25+N31+N34+N37+N40 -> 1354205 | O46: =SUM(C46:N46) -> 8964474 | P46: 45
B47: (누적) | C47: =C29+C32+C35+C38+C41 -> 161863 | D47: =D29+D32+D35+D38+D41 -> 467279 | E47: =E29+E32+E35+E38+E41 -> 870215 | F47: =F29+F32+F35+F38+F41 -> 1360351 | G47: =G29+G32+G35+G38+G41 -> 1947468 | H47: =H29+H32+H35+H38+H41 -> 2630630 | I47: =I29+I32+I35+I38+I41 -> 3402670 | J47: =J29+J32+J35+J38+J41 -> 4286856 | ... N47: =N29+N32+N35+N38+N41 -> 8964474 | O47: =EXACT(O46,N47) -> TRUE | P47: 46 | Q47: - 수송용 제외
P48: 47
B49: ■ 당초 사업계획 - 개발량 | P49: 48
B50: 업무용 | C50: 12720 | D50: 26781 | E50: 41529 | F50: 59663 | G50: 75215 | H50: 84906 | I50: 98705 | J50: 119494 | K50: 130804 | L50: 148815 | M50: 163208 | N50: 183397 | O50: 1145237 | P50: 49 | Q50: =O50=O34 -> TRUE
B51: 산업용 | C51: 5000 | D51: 25000 | E51: 25000 | F51: 30000 | G51: 35000 | H51: 40000 | I51: 40000 | J51: 45000 | K51: 45000 | L51: 50000 | M51: 95000 | N51: 105000 | O51: 540000 | P51: 50 | Q51: =O51=O37 -> TRUE
P52: 51
C53: =C50=C34 -> TRUE | D53: =D50=D34 -> TRUE | E53: =E50=E34 -> TRUE | F53: =F50=F34 -> TRUE | G53: =G50=G34 -> TRUE | H53: =H50=H34 -> TRUE | I53: =I50=I34 -> TRUE | J53: =J50=J34 -> TRUE | ... O53: =O50=O34 -> TRUE | P53: 52
C54: =C51=C37 -> TRUE | D54: =D51=D37 -> TRUE | E54: =E51=E37 -> TRUE | F54: =F51=F37 -> TRUE | G54: =G51=G37 -> TRUE | H54: =H51=H37 -> TRUE | I54: =I51=I37 -> TRUE | J54: =J51=J37 -> TRUE | ... O54: =O51=O37 -> TRUE | P54: 53
P55: 54
A56: 2. 신규개발량(MJ) | P56: 55
A57: 구분 | C57: 1 | D57: 2 | E57: 3 | F57: 4 | G57: 5 | H57: 6 | I57: 7 | J57: 8 | K57: 9 | L57: 10 | M57: 11 | N57: 12 | O57: 계 | P57: 56
A58: 공동주택 | C58: =ROUND(C21*$O$1,0) -> 5048860 | D58: =ROUND(D21*$O$1,0) -> 3807702 | E58: =ROUND(E21*$O$1,0) -> 2632852 | F58: =ROUND(F21*$O$1,0) -> 1833561 | G58: =ROUND(G21*$O$1,0) -> 2369783 | H58: =ROUND(H21*$O$1,0) -> 2606753 | I58: =ROUND(I21*$O$1,0) -> 2269368 | J58: =ROUND(J21*$O$1,0) -> 2805590 | ... N58: =ROUND(N21*$O$1,0) -> 2403932 | O58: =SUM(C58:N58) -> 33582601 | P58: 57
B59: (누계) | C59: =C58 -> 5048860 | D59: =C59+D58 -> 8856562 | E59: =D59+E58 -> 11489414 | F59: =E59+F58 -> 13322975 | G59: =F59+G58 -> 15692758 | H59: =G59+H58 -> 18299511 | I59: =H59+I58 -> 20568879 | J59: =I59+J58 -> 23374469 | K59: =J59+K58 -> 26539518 | ... N59: =M59+N58 -> 33582601 | O59: =SUM(C59:N59) -> 236873558 | P59: 58
B60: (누적) | C60: =C59 -> 5048860 | D60: =C60+D59 -> 13905422 | E60: =D60+E59 -> 25394836 | F60: =E60+F59 -> 38717811 | G60: =F60+G59 -> 54410569 | H60: =G60+H59 -> 72710080 | I60: =H60+I59 -> 93278959 | J60: =I60+J59 -> 116653428 | K60: =J60+K59 -> 143192946 | ... N60: =M60+N59 -> 236873558 | O60: =EXACT(O59,N60) -> TRUE | P60: 59 | Q60: =ROUND(N60/1000,0) -> 236874
A61: 단독주택 | C61: =ROUND(C24*$O$1,0) -> 497666 | D61: =ROUND(D24*$O$1,0) -> 347129 | E61: =ROUND(E24*$O$1,0) -> 270950 | F61: =ROUND(F24*$O$1,0) -> 269213 | G61: =ROUND(G24*$O$1,0) -> 256799 | H61: =ROUND(H24*$O$1,0) -> 270950 | I61: =ROUND(I24*$O$1,0) -> 317005 | J61: =ROUND(J24*$O$1,0) -> 301074 | ... N61: =ROUND(N24*$O$1,0) -> 538383 | O61: =SUM(C61:N61) -> 4200845 | P61: 60
B62: (누계) | C62: =C61 -> 497666 | D62: =C62+D61 -> 844795 | E62: =D62+E61 -> 1115745 | F62: =E62+F61 -> 1384958 | G62: =F62+G61 -> 1641757 | H62: =G62+H61 -> 1912707 | I62: =H62+I61 -> 2229712 | J62: =I62+J61 -> 2530786 | K62: =J62+K61 -> 2858425 | ... N62: =M62+N61 -> 4200845 | O62: =SUM(C62:N62) -> 26108419 | P62: 61
B63: (누적) | C63: =C62 -> 497666 | D63: =C63+D62 -> 1342461 | E63: =D63+E62 -> 2458206 | F63: =E63+F62 -> 3843164 | G63: =F63+G62 -> 5484921 | H63: =G63+H62 -> 7397628 | I63: =H63+I62 -> 9627340 | J63: =I63+J62 -> 12158126 | K63: =J63+K62 -> 15016551 | ... N63: =M63+N62 -> 26108419 | O63: =EXACT(O62,N63) -> TRUE | P63: 62 | Q63: =ROUND(N63/1000,0) -> 26108
A64: 가정용 | C64: =C58+C61 -> 5546526 | D64: =D58+D61 -> 4154831 | E64: =E58+E61 -> 2903802 | F64: =F58+F61 -> 2102774 | G64: =G58+G61 -> 2626582 | H64: =H58+H61 -> 2877703 | I64: =I58+I61 -> 2586373 | J64: =J58+J61 -> 3106664 | ... N64: =N58+N61 -> 2942315 | O64: =SUM(C64:N64) -> 37783446 | P64: 63
B65: (누계) | C65: =C64 -> 5546526 | D65: =C65+D64 -> 9701357 | E65: =D65+E64 -> 12605159 | F65: =E65+F64 -> 14707933 | G65: =F65+G64 -> 17334515 | H65: =G65+H64 -> 20212218 | I65: =H65+I64 -> 22798591 | J65: =I65+J64 -> 25905255 | K65: =J65+K64 -> 29397943 | ... N65: =M65+N64 -> 37783446 | O65: =SUM(C65:N65) -> 262981977 | P65: 64
B66: (누적) | C66: =C65 -> 5546526 | D66: =C66+D65 -> 15247883 | E66: =D66+E65 -> 27853042 | F66: =E66+F65 -> 42560975 | G66: =F66+G65 -> 59895490 | H66: =G66+H65 -> 80107708 | I66: =H66+I65 -> 102906299 | J66: =I66+J65 -> 128811554 | K66: =J66+K65 -> 158209497 | ... N66: =M66+N65 -> 262981977 | O66: =N66=(N60+N63) -> TRUE | P66: 65 | Q66: =Q60+Q63 -> 262982
A67: 일반용 | C67: =ROUND(C30*$O$1,0) -> 560669 | D67: =ROUND(D30*$O$1,0) -> 484235 | E67: =ROUND(E30*$O$1,0) -> 603165 | F67: =ROUND(F30*$O$1,0) -> 611639 | G67: =ROUND(G30*$O$1,0) -> 611639 | H67: =ROUND(H30*$O$1,0) -> 569185 | I67: =ROUND(I30*$O$1,0) -> 594649 | J67: =ROUND(J30*$O$1,0) -> 552195 | ... N67: =ROUND(N30*$O$1,0) -> 764549 | O67: =SUM(C67:N67) -> 7373774 | P67: 66
B68: (누계) | C68: =C67 -> 560669 | D68: =C68+D67 -> 1044904 | E68: =D68+E67 -> 1648069 | F68: =E68+F67 -> 2259708 | G68: =F68+G67 -> 2871347 | H68: =G68+H67 -> 3440532 | I68: =H68+I67 -> 4035181 | J68: =I68+J67 -> 4587376 | K68: =J68+K67 -> 5173551 | ... N68: =M68+N67 -> 7373774 | O68: =SUM(C68:N68) -> 45432022 | P68: 67
B69: (누적) | C69: =C68 -> 560669 | D69: =C69+D68 -> 1605573 | E69: =D69+E68 -> 3253642 | F69: =E69+F68 -> 5513350 | G69: =F69+G68 -> 8384697 | H69: =G69+H68 -> 11825229 | I69: =H69+I68 -> 15860410 | J69: =I69+J68 -> 20447786 | K69: =J69+K68 -> 25621337 | ... N69: =M69+N68 -> 45432022 | O69: =EXACT(O68,N69) -> TRUE | P69: 68 | Q69: =ROUND(N69/1000,0) -> 45432
A70: 업무용 | C70: ='5. 업무용 판매량(2025년)'!D108 -> 538920 | D70: ='5. 업무용 판매량(2025년)'!E108 -> 595780 | E70: ='5. 업무용 판매량(2025년)'!F108 -> 624824 | F70: ='5. 업무용 판매량(2025년)'!G108 -> 768350 | G70: ='5. 업무용 판매량(2025년)'!H108 -> 658906 | H70: ='5. 업무용 판매량(2025년)'!I108 -> 410594 | I70: ='5. 업무용 판매량(2025년)'!J108 -> 584645 | J70: ='5. 업무용 판매량(2025년)'!K108 -> 880841 | ... N70: ='5. 업무용 판매량(2025년)'!O108 -> 855355 | O70: =SUM(C70:N70) -> 7770334 | P70: 69
B71: (누계) | C71: =C70 -> 538920 | D71: =C71+D70 -> 1134700 | E71: =D71+E70 -> 1759524 | F71: =E71+F70 -> 2527874 | G71: =F71+G70 -> 3186780 | H71: =G71+H70 -> 3597374 | I71: =H71+I70 -> 4182019 | J71: =I71+J70 -> 5062860 | K71: =J71+K70 -> 5542042 | ... N71: =M71+N70 -> 7770334 | O71: =SUM(C71:N71) -> 48522549 | P71: 70
B72: (누적) | C72: =C71 -> 538920 | D72: =C72+D71 -> 1673620 | E72: =D72+E71 -> 3433144 | F72: =E72+F71 -> 5961018 | G72: =F72+G71 -> 9147798 | H72: =G72+H71 -> 12745172 | I72: =H72+I71 -> 16927191 | J72: =I72+J71 -> 21990051 | K72: =J72+K71 -> 27532093 | ... N72: =M72+N71 -> 48522549 | O72: =EXACT(O71,N72) -> TRUE | P72: 71 | Q72: =ROUND(N72/1000,0) -> 48523
A73: 산업용 | C73: ='4_5. 산업용 판매량(2025년)'!E38 -> 211710 | D73: ='4_5. 산업용 판매량(2025년)'!F38 -> 846840 | E73: ='4_5. 산업용 판매량(2025년)'!G38 -> 0 | F73: ='4_5. 산업용 판매량(2025년)'!H38 -> 211710 | G73: ='4_5. 산업용 판매량(2025년)'!I38 -> 211710 | H73: ='4_5. 산업용 판매량(2025년)'!J38 -> 211710 | I73: ='4_5. 산업용 판매량(2025년)'!K38 -> 0 | J73: ='4_5. 산업용 판매량(2025년)'!L38 -> 211710 | ... N73: ='4_5. 산업용 판매량(2025년)'!P38 -> 423420 | O73: =SUM(C73:N73) -> 4445910 | P73: 72
B74: (누계) | C74: =C73 -> 211710 | D74: =C74+D73 -> 1058550 | E74: =D74+E73 -> 1058550 | F74: =E74+F73 -> 1270260 | G74: =F74+G73 -> 1481970 | H74: =G74+H73 -> 1693680 | I74: =H74+I73 -> 1693680 | J74: =I74+J73 -> 1905390 | K74: =J74+K73 -> 1905390 | ... N74: =M74+N73 -> 4445910 | O74: =SUM(C74:N74) -> 22864680 | P74: 73
B75: (누적) | C75: =C74 -> 211710 | D75: =C75+D74 -> 1270260 | E75: =D75+E74 -> 2328810 | F75: =E75+F74 -> 3599070 | G75: =F75+G74 -> 5081040 | H75: =G75+H74 -> 6774720 | I75: =H75+I74 -> 8468400 | J75: =I75+J74 -> 10373790 | K75: =J75+K74 -> 12279180 | ... N75: =M75+N74 -> 22864680 | O75: =EXACT(O74,N75) -> TRUE | P75: 74 | Q75: =ROUND(N75/1000,0) -> 22865
A76: 열병합용 | C76: 0 | D76: 0 | E76: 0 | F76: 0 | G76: 0 | H76: 0 | I76: 0 | J76: 0 | K76: 0 | L76: 0 | M76: 0 | N76: 0 | O76: =SUM(C76:N76) -> 0 | P76: 75
B77: (누계) | C77: =C76 -> 0 | D77: =C77+D76 -> 0 | E77: =D77+E76 -> 0 | F77: =E77+F76 -> 0 | G77: =F77+G76 -> 0 | H77: =G77+H76 -> 0 | I77: =H77+I76 -> 0 | J77: =I77+J76 -> 0 | K77: =J77+K76 -> 0 | ... N77: =M77+N76 -> 0 | O77: =SUM(C77:N77) -> 0 | P77: 76
B78: (누적) | C78: =C77 -> 0 | D78: =C78+D77 -> 0 | E78: =D78+E77 -> 0 | F78: =E78+F77 -> 0 | G78: =F78+G77 -> 0 | H78: =G78+H77 -> 0 | I78: =H78+I77 -> 0 | J78: =I78+J77 -> 0 | K78: =J78+K77 -> 0 | ... N78: =M78+N77 -> 0 | O78: =EXACT(O77,N78) -> TRUE | P78: 77 | Q78: =ROUND(N78/1000,0) -> 0
A79: 수송용 | O79: =SUM(C79:N79) -> 0 | P79: 78
B80: (누계) | O80: =SUM(C80:N80) -> 0 | P80: 79
B81: (누적) | C81: =ROUND(C98,0) -> 0 | D81: =ROUND(D98,0) -> 0 | E81: =ROUND(E98,0) -> 0 | F81: =ROUND(F98,0) -> 0 | G81: =ROUND(G98,0) -> 0 | H81: =ROUND(H98,0) -> 0 | I81: =ROUND(I98,0) -> 0 | J81: =ROUND(J98,0) -> 0 | ... N81: =ROUND(N98,0) -> 0 | O81: =EXACT(O80,N81) -> TRUE | P81: 80 | Q81: =ROUND(N81/1000,0) -> 0
A82: 합계 | C82: =C58+C61+C67+C70+C73+C76 -> 6857825 | D82: =D58+D61+D67+D70+D73+D76 -> 6081686 | E82: =E58+E61+E67+E70+E73+E76 -> 4131791 | F82: =F58+F61+F67+F70+F73+F76 -> 3694473 | G82: =G58+G61+G67+G70+G73+G76 -> 4108837 | H82: =H58+H61+H67+H70+H73+H76 -> 4069192 | I82: =I58+I61+I67+I70+I73+I76 -> 3765667 | J82: =J58+J61+J67+J70+J73+J76 -> 4751410 | ... N82: =N58+N61+N67+N70+N73+N76 -> 4985639 | O82: =SUM(C82:N82) -> 57373464 | P82: 81
B83: (누계) | C83: =C59+C62+C68+C71+C74+C77 -> 6857825 | D83: =D59+D62+D68+D71+D74+D77 -> 12939511 | E83: =E59+E62+E68+E71+E74+E77 -> 17071302 | F83: =F59+F62+F68+F71+F74+F77 -> 20765775 | G83: =G59+G62+G68+G71+G74+G77 -> 24874612 | H83: =H59+H62+H68+H71+H74+H77 -> 28943804 | I83: =I59+I62+I68+I71+I74+I77 -> 32709471 | J83: =J59+J62+J68+J71+J74+J77 -> 37460881 | ... N83: =N59+N62+N68+N71+N74+N77 -> 57373464 | O83: =SUM(C83:N83) -> 379801228 | P83: 82 | Q83: 수송용 제외 | R83: 수송용 포함
B84: (누적) | C84: =C66+C69+C72+C75+C78 -> 6857825 | D84: =D66+D69+D72+D75+D78 -> 19797336 | E84: =E66+E69+E72+E75+E78 -> 36868638 | F84: =F66+F69+F72+F75+F78 -> 57634413 | G84: =G66+G69+G72+G75+G78 -> 82509025 | H84: =H66+H69+H72+H75+H78 -> 111452829 | I84: =I66+I69+I72+I75+I78 -> 144162300 | J84: =J66+J69+J72+J75+J78 -> 181623181 | ... N84: =N66+N69+N72+N75+N78 -> 379801228 | O84: =EXACT(O83,N84) -> TRUE | P84: 83 | Q84: =Q60+Q63+Q69+Q72+Q75+Q78 -> 379802 | R84: =Q60+Q63+Q69+Q72+Q75+Q78+Q81 -> 379802
P85: 84
B86: ■ 당초 사업계획 - 개발량 | P86: 85
B87: 업무용 | C87: 538920 | D87: 1134700 | E87: 1759524 | F87: 2527874 | G87: 3186780 | H87: 3597374 | I87: 4182019 | J87: 5062860 | K87: 5542042 | L87: 6305143 | M87: 6914979 | N87: 7770334 | O87: 48522549 | P87: 86 | Q87: =O87=O71 -> TRUE
B88: 산업용 | C88: 211710 | D88: 1058550 | E88: 1058550 | F88: 1270260 | G88: 1481970 | H88: 1693680 | I88: 1693680 | J88: 1905390 | K88: 1905390 | L88: 2117100 | M88: 4022490 | N88: 4445910 | O88: 22864680 | P88: 87 | Q88: =O88=O74 -> TRUE
P89: 88
C90: =C87=C71 -> TRUE | D90: =D87=D71 -> TRUE | E90: =E87=E71 -> TRUE | F90: =F87=F71 -> TRUE | G90: =G87=G71 -> TRUE | H90: =H87=H71 -> TRUE | I90: =I87=I71 -> TRUE | J90: =J87=J71 -> TRUE | ... O90: =O87=O71 -> TRUE | P90: 89
C91: =C88=C74 -> TRUE | D91: =D88=D74 -> TRUE | E91: =E88=E74 -> TRUE | F91: =F88=F74 -> TRUE | G91: =G88=G74 -> TRUE | H91: =H88=H74 -> TRUE | I91: =I88=I74 -> TRUE | J91: =J88=J74 -> TRUE | ... O91: =O88=O74 -> TRUE | P91: 90
P92: 91
B93: ▶ 수송용 | P93: 92
B94: ㎥ | C94: 1월 | D94: 2월 | E94: 3월 | F94: 4월 | G94: 5월 | H94: 6월 | I94: 7월 | J94: 8월 | K94: 9월 | L94: 10월 | M94: 11월 | N94: 12월 | O94: 총합계 | P94: 93
B95: 누적 | C95: =IFERROR(ROUND(C98/$O$1,0),0) -> 0 | D95: =IFERROR(ROUND(D98/$O$1,0),0) -> 0 | E95: =IFERROR(ROUND(E98/$O$1,0),0) -> 0 | F95: =IFERROR(ROUND(F98/$O$1,0),0) -> 0 | G95: =IFERROR(ROUND(G98/$O$1,0),0) -> 0 | H95: =IFERROR(ROUND(H98/$O$1,0),0) -> 0 | I95: =IFERROR(ROUND(I98/$O$1,0),0) -> 0 | J95: =IFERROR(ROUND(J98/$O$1,0),0) -> 0 | ... N95: =IFERROR(ROUND(N98/$O$1,0),0) -> 0 | O95: =SUM(C95:N95) -> 0 | P95: 94 | R95: =O95=Q95 -> TRUE
P96: 95
B97: MJ | C97: 1월 | D97: 2월 | E97: 3월 | F97: 4월 | G97: 5월 | H97: 6월 | I97: 7월 | J97: 8월 | K97: 9월 | L97: 10월 | M97: 11월 | N97: 12월 | O97: 총합계 | P97: 96
B98: 누적계획 | O98: =SUM(C98:N98) -> 0 | P98: 97 | R98: =O98=Q98 -> TRUE
B99: 누적실적 | O99: =SUM(C99:N99) -> 0
B100: 달성률 | C100: =IFERROR(C99/C98,"") | D100: =IFERROR(D99/D98,"") | E100: =IFERROR(E99/E98,"") | F100: =IFERROR(F99/F98,"") | G100: =IFERROR(G99/G98,"") | H100: =IFERROR(H99/H98,"") | I100: =IFERROR(I99/I98,"") | J100: =IFERROR(J99/J98,"") | ... O100: =IFERROR(O99/O98,"") | Q100: =Q98/Q95 -> #DIV/0!

Sheet 3_2. 개발량 실적
A1: 0. 요약 | C1: 1 | N1: 2025년 열량값 | O1: 42.369 | R1: (250124) 3. 주택형태별 연간사용량 분석_작성_격월검침반영_확정
A2: 열량(GJ) | B2: 계획 | C2: 실적 | D2: 달성률 | F2: 부피(㎥) | G2: 계획 | H2: 실적 | I2: 달성률
A3: 공동주택 | B3: ='3_1. 개발량 계획'!Q60 -> 236874 | C3: =ROUND(HLOOKUP($C$1,$A$68:$O$95,4,0)/1000,0) -> 0 | D3: =C3/B3 -> 0 | F3: 공동주택 | G3: ='3_1. 개발량 계획'!O22 -> 5590728 | H3: =HLOOKUP($C$1,$A$38:$O$65,4,0) -> 0 | I3: =H3/G3 -> 0
A4: 단독주택 | B4: ='3_1. 개발량 계획'!Q63 -> 26108 | C4: =ROUND(HLOOKUP($C$1,$A$68:$O$95,7,0)/1000,0) -> 0 | D4: =C4/B4 -> 0 | F4: 단독주택 | G4: ='3_1. 개발량 계획'!O25 -> 616215 | H4: =HLOOKUP($C$1,$A$38:$O$65,7,0) -> 0 | I4: =H4/G4 -> 0
A5: 가정용 | B5: =SUM(B3:B4) -> 262982 | C5: =SUM(C3:C4) -> 0 | D5: =C5/B5 -> 0 | F5: 가정용 | G5: =SUM(G3:G4) -> 6206943 | H5: =SUM(H3:H4) -> 0 | I5: =H5/G5 -> 0
A6: 일반용 | B6: ='3_1. 개발량 계획'!Q69 -> 45432 | C6: =ROUND(HLOOKUP($C$1,$A$68:$O$95,13,0)/1000,0) -> 0 | D6: =C6/B6 -> 0 | F6: 일반용 | G6: ='3_1. 개발량 계획'!O31 -> 1072294 | H6: =HLOOKUP($C$1,$A$38:$O$65,13,0) -> 0 | I6: =H6/G6 -> 0
A7: 업무용 | B7: ='3_1. 개발량 계획'!Q72 -> 48523 | C7: =ROUND(HLOOKUP($C$1,$A$68:$O$95,16,0)/1000,0) -> 0 | D7: =C7/B7 -> 0 | F7: 업무용 | G7: ='3_1. 개발량 계획'!O34 -> 1145237 | H7: =HLOOKUP($C$1,$A$38:$O$65,16,0) -> 0 | I7: =H7/G7 -> 0
A8: 산업용 | B8: ='3_1. 개발량 계획'!Q75 -> 22865 | C8: =ROUND(HLOOKUP($C$1,$A$68:$O$95,19,0)/1000,0) -> 0 | D8: =C8/B8 -> 0 | F8: 산업용 | G8: ='3_1. 개발량 계획'!O37 -> 540000 | H8: =HLOOKUP($C$1,$A$38:$O$65,19,0) -> 0 | I8: =H8/G8 -> 0
A9: 합계(CNG 제외) | B9: =SUM(B5:B8) -> 379802 | C9: =SUM(C5:C8) -> 0 | D9: =C9/B9 -> 0 | F9: 합계(CNG 제외) | G9: =SUM(G5:G8) -> 8964474 | H9: =SUM(H5:H8) -> 0 | I9: =H9/G9 -> 0
A10: CNG | B10: =ROUND('3_1. 개발량 계획'!Q98/1000,0) -> 0 | C10: =ROUND(HLOOKUP($C$1,$A$68:$O$95,25,0)/1000,0) -> 0 | D10: =C10/B10 -> #DIV/0! | F10: CNG | G10: =ROUND('3_1. 개발량 계획'!Q95,0) -> 0 | H10: =HLOOKUP($C$1,$A$38:$O$65,25,0) -> 0 | I10: =H10/G10 -> #DIV/0!
A11: 합계(CNG 포함) | B11: =SUM(B9:B10) -> 379802 | C11: =SUM(C9:C10) -> 0 | D11: =C11/B11 -> 0 | F11: 합계(CNG 포함) | G11: =SUM(G9:G10) -> 8964474 | H11: =SUM(H9:H10) -> 0 | I11: =H11/G11 -> 0
A13: 1. 공급전 실적
A14: 구분 | C14: 1 | D14: 2 | E14: 3 | F14: 4 | G14: 5 | H14: 6 | I14: 7 | J14: 8 | K14: 9 | L14: 10 | M14: 11 | N14: 12 | O14: 계 | P14: 1 | R14: 2025년 전당사용량
A15: 공동주택 | O15: =SUM(C15:N15) -> 0 | P15: 2
B16: (누계) | C16: =C15 -> 0 | D16: =C16+D15 -> 0 | E16: =D16+E15 -> 0 | F16: =E16+F15 -> 0 | G16: =F16+G15 -> 0 | H16: =G16+H15 -> 0 | I16: =H16+I15 -> 0 | J16: =I16+J15 -> 0 | K16: =J16+K15 -> 0 | ... N16: =M16+N15 -> 0 | P16: 3
A17: 단독주택 | O17: =SUM(C17:N17) -> 0 | P17: 4
B18: (누계) | C18: =C17 -> 0 | D18: =C18+D17 -> 0 | E18: =D18+E17 -> 0 | F18: =E18+F17 -> 0 | G18: =F18+G17 -> 0 | H18: =G18+H17 -> 0 | I18: =H18+I17 -> 0 | J18: =I18+J17 -> 0 | K18: =J18+K17 -> 0 | ... N18: =M18+N17 -> 0 | P18: 5
A19: 가정용 | C19: =C15+C17 -> 0 | D19: =D15+D17 -> 0 | E19: =E15+E17 -> 0 | F19: =F15+F17 -> 0 | G19: =G15+G17 -> 0 | H19: =H15+H17 -> 0 | I19: =I15+I17 -> 0 | J19: =J15+J17 -> 0 | ... N19: =N15+N17 -> 0 | O19: =SUM(C19:N19) -> 0 | P19: 6
A20: 일반용 | O20: =SUM(C20:N20) -> 0 | P20: 7
B21: (누계) | C21: =C20 -> 0 | D21: =C21+D20 -> 0 | E21: =D21+E20 -> 0 | F21: =E21+F20 -> 0 | G21: =F21+G20 -> 0 | H21: =G21+H20 -> 0 | I21: =H21+I20 -> 0 | J21: =I21+J20 -> 0 | K21: =J21+K20 -> 0 | ... N21: =M21+N20 -> 0 | P21: 8
A22: 업무용 | O22: =SUM(C22:N22) -> 0 | P22: 9
B23: (누계) | C23: =C22 -> 0 | D23: =C23+D22 -> 0 | E23: =D23+E22 -> 0 | F23: =E23+F22 -> 0 | G23: =F23+G22 -> 0 | H23: =G23+H22 -> 0 | I23: =H23+I22 -> 0 | J23: =I23+J22 -> 0 | K23: =J23+K22 -> 0 | ... N23: =M23+N22 -> 0 | P23: 10
A24: 산업용 | O24: =SUM(C24:N24) -> 0 | P24: 11
B25: (누계) | C25: =C24 -> 0 | D25: =C25+D24 -> 0 | E25: =D25+E24 -> 0 | F25: =E25+F24 -> 0 | G25: =F25+G24 -> 0 | H25: =G25+H24 -> 0 | I25: =H25+I24 -> 0 | J25: =I25+J24 -> 0 | K25: =J25+K24 -> 0 | ... N25: =M25+N24 -> 0 | P25: 12
A26: 열병합용 | O26: =SUM(C26:N26) -> 0 | P26: 13
B27: (누계) | C27: =C26 -> 0 | D27: =C27+D26 -> 0 | E27: =D27+E26 -> 0 | F27: =E27+F26 -> 0 | G27: =F27+G26 -> 0 | H27: =G27+H26 -> 0 | I27: =H27+I26 -> 0 | J27: =I27+J26 -> 0 | K27: =J27+K26 -> 0 | ... N27: =M27+N26 -> 0 | P27: 14
A28: 합 계 | C28: =SUM(C15,C17,C20,C22,C24,C26) -> 0 | D28: =SUM(D15,D17,D20,D22,D24,D26) -> 0 | E28: =SUM(E15,E17,E20,E22,E24,E26) -> 0 | F28: =SUM(F15,F17,F20,F22,F24,F26) -> 0 | G28: =SUM(G15,G17,G20,G22,G24,G26) -> 0 | H28: =SUM(H15,H17,H20,H22,H24,H26) -> 0 | I28: =SUM(I15,I17,I20,I22,I24,I26) -> 0 | J28: =SUM(J15,J17,J20,J22,J24,J26) -> 0 | ... N28: =SUM(N15,N17,N20,N22,N24,N26) -> 0 | O28: =SUM(C28:N28) -> 0 | P28: 15
B29: (누계) | C29: =C28 -> 0 | D29: =C29+D28 -> 0 | E29: =D29+E28 -> 0 | F29: =E29+F28 -> 0 | G29: =F29+G28 -> 0 | H29: =G29+H28 -> 0 | I29: =H29+I28 -> 0 | J29: =I29+J28 -> 0 | K29: =J29+K28 -> 0 | ... N29: =M29+N28 -> 0 | P29: 16
P30: 17
A31: 2. 공급량 실적 | P31: 18
A32: 구분 | C32: 1 | D32: 2 | E32: 3 | F32: 4 | G32: 5 | H32: 6 | I32: 7 | J32: 8 | K32: 9 | L32: 10 | M32: 11 | N32: 12 | O32: 비 고 | P32: 19
A33: 공급량 | B33: 열량(MJ) | P33: 20
B34: 부피(㎥) | P34: 21
B35: 환산값 | C35: =C33/C34 -> #DIV/0! | D35: =D33/D34 -> #DIV/0! | E35: =E33/E34 -> #DIV/0! | F35: =F33/F34 -> #DIV/0! | G35: =G33/G34 -> #DIV/0! | H35: =H33/H34 -> #DIV/0! | I35: =I33/I34 -> #DIV/0! | J35: =J33/J34 -> #DIV/0! | ... N35: =N33/N34 -> #DIV/0! | P35: 22
D36: =D33+C33 -> 0 | E36: =D36+E33 -> 0 | F36: =E36+F33 -> 0 | G36: =F36+G33 -> 0 | H36: =G36+H33 -> 0 | I36: =H36+I33 -> 0 | J36: =I36+J33 -> 0 | K36: =J36+K33 -> 0 | L36: =K36+L33 -> 0 | ... N36: =M36+N33 -> 0 | P36: 23
A37: 2. 신규개발량(㎥) | D37: =D34+C34 -> 0 | E37: =D37+E34 -> 0 | F37: =E37+F34 -> 0 | G37: =F37+G34 -> 0 | H37: =G37+H34 -> 0 | I37: =H37+I34 -> 0 | J37: =I37+J34 -> 0 | K37: =J37+K34 -> 0 | L37: =K37+L34 -> 0 | ... N37: =M37+N34 -> 0 | P37: 24
A38: 구분 | C38: 1 | D38: 2 | E38: 3 | F38: 4 | G38: 5 | H38: 6 | I38: 7 | J38: 8 | K38: 9 | L38: 10 | M38: 11 | N38: 12 | O38: 계 | P38: 25 | S38: 1
A39: 공동주택 | C39: =ROUND(C15*$R$39,0) -> 0 | D39: =ROUND(D15*$R$39,0) -> 0 | E39: =ROUND(E15*$R$39,0) -> 0 | F39: =ROUND(F15*$R$39,0) -> 0 | G39: =ROUND(G15*$R$39,0) -> 0 | H39: =ROUND(H15*$R$39,0) -> 0 | I39: =ROUND(I15*$R$39,0) -> 0 | J39: =ROUND(J15*$R$39,0) -> 0 | ... N39: =ROUND(N15*$R$39,0) -> 0 | O39: =SUM(C39:N39) -> 0 | P39: 26 | Q39: 공동주택 | R39: ='3_1. 개발량 계획'!R21 -> 47.4 | S39: 2
B40: (누계) | C40: =C39 -> 0 | D40: =C40+D39 -> 0 | E40: =D40+E39 -> 0 | F40: =E40+F39 -> 0 | G40: =F40+G39 -> 0 | H40: =G40+H39 -> 0 | I40: =H40+I39 -> 0 | J40: =I40+J39 -> 0 | K40: =J40+K39 -> 0 | ... N40: =M40+N39 -> 0 | O40: =SUM(C40:N40) -> 0 | P40: 27 | S40: 3
B41: (누적) | C41: =C40 -> 0 | D41: =C41+D40 -> 0 | E41: =D41+E40 -> 0 | F41: =E41+F40 -> 0 | G41: =F41+G40 -> 0 | H41: =G41+H40 -> 0 | I41: =H41+I40 -> 0 | J41: =I41+J40 -> 0 | K41: =J41+K40 -> 0 | ... N41: =M41+N40 -> 0 | O41: =EXACT(O40,N41) -> TRUE | P41: 28 | S41: 4
A42: 단독주택 | C42: =ROUND(C17*$R$42,0) -> 0 | D42: =ROUND(D17*$R$42,0) -> 0 | E42: =ROUND(E17*$R$42,0) -> 0 | F42: =ROUND(F17*$R$42,0) -> 0 | G42: =ROUND(G17*$R$42,0) -> 0 | H42: =ROUND(H17*$R$42,0) -> 0 | I42: =ROUND(I17*$R$42,0) -> 0 | J42: =ROUND(J17*$R$42,0) -> 0 | ... N42: =ROUND(N17*$R$42,0) -> 0 | O42: =SUM(C42:N42) -> 0 | P42: 29 | Q42: 단독주택 | R42: ='3_1. 개발량 계획'!R24 -> 41.8 | S42: 5
B43: (누계) | C43: =C42 -> 0 | D43: =C43+D42 -> 0 | E43: =D43+E42 -> 0 | F43: =E43+F42 -> 0 | G43: =F43+G42 -> 0 | H43: =G43+H42 -> 0 | I43: =H43+I42 -> 0 | J43: =I43+J42 -> 0 | K43: =J43+K42 -> 0 | ... N43: =M43+N42 -> 0 | O43: =SUM(C43:N43) -> 0 | P43: 30 | S43: 6
B44: (누적) | C44: =C43 -> 0 | D44: =C44+D43 -> 0 | E44: =D44+E43 -> 0 | F44: =E44+F43 -> 0 | G44: =F44+G43 -> 0 | H44: =G44+H43 -> 0 | I44: =H44+I43 -> 0 | J44: =I44+J43 -> 0 | K44: =J44+K43 -> 0 | ... N44: =M44+N43 -> 0 | O44: =EXACT(O43,N44) -> TRUE | P44: 31 | S44: 7
A45: 가정용 | C45: =C39+C42 -> 0 | D45: =D39+D42 -> 0 | E45: =E39+E42 -> 0 | F45: =F39+F42 -> 0 | G45: =G39+G42 -> 0 | H45: =H39+H42 -> 0 | I45: =I39+I42 -> 0 | J45: =J39+J42 -> 0 | ... N45: =N39+N42 -> 0 | O45: =SUM(C45:N45) -> 0 | P45: 32 | S45: 8
B46: (누계) | C46: =C45 -> 0 | D46: =C46+D45 -> 0 | E46: =D46+E45 -> 0 | F46: =E46+F45 -> 0 | G46: =F46+G45 -> 0 | H46: =G46+H45 -> 0 | I46: =H46+I45 -> 0 | J46: =I46+J45 -> 0 | K46: =J46+K45 -> 0 | ... N46: =M46+N45 -> 0 | O46: =SUM(C46:N46) -> 0 | P46: 33 | S46: 9
B47: (누적) | C47: =C46 -> 0 | D47: =C47+D46 -> 0 | E47: =D47+E46 -> 0 | F47: =E47+F46 -> 0 | G47: =F47+G46 -> 0 | H47: =G47+H46 -> 0 | I47: =H47+I46 -> 0 | J47: =I47+J46 -> 0 | K47: =J47+K46 -> 0 | ... N47: =M47+N46 -> 0 | O47: =N47=(N41+N44) -> TRUE | P47: 34 | S47: 10
A48: 일반용 | C48: =ROUND(C20*$R$48,0) -> 0 | D48: =ROUND(D20*$R$48,0) -> 0 | E48: =ROUND(E20*$R$48,0) -> 0 | F48: =ROUND(F20*$R$48,0) -> 0 | G48: =ROUND(G20*$R$48,0) -> 0 | H48: =ROUND(H20*$R$48,0) -> 0 | I48: =ROUND(I20*$R$48,0) -> 0 | J48: =ROUND(J20*$R$48,0) -> 0 | ... N48: =ROUND(N20*$R$48,0) -> 0 | O48: =SUM(C48:N48) -> 0 | P48: 35 | Q48: 일반용 | R48: ='3_1. 개발량 계획'!R30 -> 200.5 | S48: 11
B49: (누계) | C49: =C48 -> 0 | D49: =C49+D48 -> 0 | E49: =D49+E48 -> 0 | F49: =E49+F48 -> 0 | G49: =F49+G48 -> 0 | H49: =G49+H48 -> 0 | I49: =H49+I48 -> 0 | J49: =I49+J48 -> 0 | K49: =J49+K48 -> 0 | ... N49: =M49+N48 -> 0 | O49: =SUM(C49:N49) -> 0 | P49: 36 | S49: 12
B50: (누적) | C50: =C49 -> 0 | D50: =C50+D49 -> 0 | E50: =D50+E49 -> 0 | F50: =E50+F49 -> 0 | G50: =F50+G49 -> 0 | H50: =G50+H49 -> 0 | I50: =H50+I49 -> 0 | J50: =I50+J49 -> 0 | K50: =J50+K49 -> 0 | ... N50: =M50+N49 -> 0 | O50: =EXACT(O49,N50) -> TRUE | P50: 37 | S50: 13
A51: 업무용 | O51: =SUM(C51:N51) -> 0 | P51: 38 | S51: 14
B52: (누계) | C52: =C51 -> 0 | D52: =C52+D51 -> 0 | E52: =D52+E51 -> 0 | F52: =E52+F51 -> 0 | G52: =F52+G51 -> 0 | H52: =G52+H51 -> 0 | I52: =H52+I51 -> 0 | J52: =I52+J51 -> 0 | K52: =J52+K51 -> 0 | ... N52: =M52+N51 -> 0 | O52: =SUM(C52:N52) -> 0 | P52: 39 | S52: 15
B53: (누적) | C53: =C52 -> 0 | D53: =C53+D52 -> 0 | E53: =D53+E52 -> 0 | F53: =E53+F52 -> 0 | G53: =F53+G52 -> 0 | H53: =G53+H52 -> 0 | I53: =H53+I52 -> 0 | J53: =I53+J52 -> 0 | K53: =J53+K52 -> 0 | ... N53: =M53+N52 -> 0 | O53: =EXACT(O52,N53) -> TRUE | P53: 40 | S53: 16
A54: 산업용 | O54: =SUM(C54:N54) -> 0 | P54: 41 | S54: 17
B55: (누계) | C55: =C54 -> 0 | D55: =C55+D54 -> 0 | E55: =D55+E54 -> 0 | F55: =E55+F54 -> 0 | G55: =F55+G54 -> 0 | H55: =G55+H54 -> 0 | I55: =H55+I54 -> 0 | J55: =I55+J54 -> 0 | K55: =J55+K54 -> 0 | ... N55: =M55+N54 -> 0 | O55: =SUM(C55:N55) -> 0 | P55: 42 | S55: 18
B56: (누적) | C56: =C55 -> 0 | D56: =C56+D55 -> 0 | E56: =D56+E55 -> 0 | F56: =E56+F55 -> 0 | G56: =F56+G55 -> 0 | H56: =G56+H55 -> 0 | I56: =H56+I55 -> 0 | J56: =I56+J55 -> 0 | K56: =J56+K55 -> 0 | ... N56: =M56+N55 -> 0 | O56: =EXACT(O55,N56) -> TRUE | P56: 43 | S56: 19
A57: 열병합용 | C57: 0 | D57: 0 | I57: 0 | O57: =SUM(C57:N57) -> 0 | P57: 44 | S57: 20
B58: (누계) | C58: =C57 -> 0 | D58: =C58+D57 -> 0 | E58: =D58+E57 -> 0 | F58: =E58+F57 -> 0 | G58: =F58+G57 -> 0 | H58: =G58+H57 -> 0 | I58: =H58+I57 -> 0 | J58: =I58+J57 -> 0 | K58: =J58+K57 -> 0 | ... N58: =M58+N57 -> 0 | O58: =SUM(C58:N58) -> 0 | P58: 45 | S58: 21
B59: (누적) | C59: =C58 -> 0 | D59: =C59+D58 -> 0 | E59: =D59+E58 -> 0 | F59: =E59+F58 -> 0 | G59: =F59+G58 -> 0 | H59: =G59+H58 -> 0 | I59: =H59+I58 -> 0 | J59: =I59+J58 -> 0 | K59: =J59+K58 -> 0 | ... N59: =M59+N58 -> 0 | O59: =EXACT(O58,N59) -> TRUE | P59: 46 | S59: 22
A60: 수송용 | O60: =SUM(C60:N60) -> 0 | P60: 47 | S60: 23
O61: =SUM(C61:N61) -> 0 | P61: 48 | S61: 24
B62: (누적) | C62: =ROUND(C100,0) -> 0 | D62: =ROUND(D100,0) -> 0 | E62: =ROUND(E100,0) -> 0 | F62: =ROUND(F100,0) -> 0 | G62: =ROUND(G100,0) -> 0 | H62: =ROUND(H100,0) -> 0 | I62: =ROUND(I100,0) -> 0 | J62: =ROUND(J100,0) -> 0 | ... N62: =ROUND(N100,0) -> 0 | P62: 49 | S62: 25
A63: 합계 | C63: =C39+C42+C48+C51+C54+C57 -> 0 | D63: =D39+D42+D48+D51+D54+D57 -> 0 | E63: =E39+E42+E48+E51+E54+E57 -> 0 | F63: =F39+F42+F48+F51+F54+F57 -> 0 | G63: =G39+G42+G48+G51+G54+G57 -> 0 | H63: =H39+H42+H48+H51+H54+H57 -> 0 | I63: =I39+I42+I48+I51+I54+I57 -> 0 | J63: =J39+J42+J48+J51+J54+J57 -> 0 | ... N63: =N39+N42+N48+N51+N54+N57 -> 0 | O63: =SUM(C63:N63) -> 0 | P63: 50 | S63: 26
B64: (누계) | C64: =C40+C43+C49+C52+C55+C58 -> 0 | D64: =D40+D43+D49+D52+D55+D58 -> 0 | E64: =E40+E43+E49+E52+E55+E58 -> 0 | F64: =F40+F43+F49+F52+F55+F58 -> 0 | G64: =G40+G43+G49+G52+G55+G58 -> 0 | H64: =H40+H43+H49+H52+H55+H58 -> 0 | I64: =I40+I43+I49+I52+I55+I58 -> 0 | J64: =J40+J43+J49+J52+J55+J58 -> 0 | ... N64: =N40+N43+N49+N52+N55+N58 -> 0 | O64: =SUM(C64:N64) -> 0 | P64: 51 | S64: 27
B65: (누적) | C65: =C47+C50+C53+C56+C59 -> 0 | D65: =D47+D50+D53+D56+D59 -> 0 | E65: =E47+E50+E53+E56+E59 -> 0 | F65: =F47+F50+F53+F56+F59 -> 0 | G65: =G47+G50+G53+G56+G59 -> 0 | H65: =H47+H50+H53+H56+H59 -> 0 | I65: =I47+I50+I53+I56+I59 -> 0 | J65: =J47+J50+J53+J56+J59 -> 0 | ... N65: =N47+N50+N53+N56+N59 -> 0 | O65: =EXACT(O64,N65) -> TRUE | P65: 52 | Q65: - 수송용 제외 | S65: 28
P66: 53
A67: 2. 신규개발량(MJ) | P67: 54
A68: 구분 | C68: 1 | D68: 2 | E68: 3 | F68: 4 | G68: 5 | H68: 6 | I68: 7 | J68: 8 | K68: 9 | L68: 10 | M68: 11 | N68: 12 | O68: 계 | P68: 55 | S68: 1
A69: 공동주택 | C69: =IFERROR(ROUND(C39*C35,0),0) -> 0 | D69: =IFERROR(ROUND(D39*D35,0),0) -> 0 | E69: =IFERROR(ROUND(E39*E35,0),0) -> 0 | F69: =IFERROR(ROUND(F39*F35,0),0) -> 0 | G69: =IFERROR(ROUND(G39*G35,0),0) -> 0 | H69: =IFERROR(ROUND(H39*H35,0),0) -> 0 | I69: =IFERROR(ROUND(I39*I35,0),0) -> 0 | J69: =IFERROR(ROUND(J39*J35,0),0) -> 0 | ... N69: =IFERROR(ROUND(N39*N35,0),0) -> 0 | O69: =SUM(C69:N69) -> 0 | P69: 56 | S69: 2
B70: (누계) | C70: =C69 -> 0 | D70: =C70+D69 -> 0 | E70: =D70+E69 -> 0 | F70: =E70+F69 -> 0 | G70: =F70+G69 -> 0 | H70: =G70+H69 -> 0 | I70: =H70+I69 -> 0 | J70: =I70+J69 -> 0 | K70: =J70+K69 -> 0 | ... N70: =M70+N69 -> 0 | O70: =SUM(C70:N70) -> 0 | P70: 57 | S70: 3
B71: (누적) | C71: =C70 -> 0 | D71: =C71+D70 -> 0 | E71: =D71+E70 -> 0 | F71: =E71+F70 -> 0 | G71: =F71+G70 -> 0 | H71: =G71+H70 -> 0 | I71: =H71+I70 -> 0 | J71: =I71+J70 -> 0 | K71: =J71+K70 -> 0 | ... N71: =M71+N70 -> 0 | O71: =EXACT(O70,N71) -> TRUE | P71: 58 | Q71: =ROUND(N71/1000,0) -> 0 | S71: 4
A72: 단독주택 | C72: =IFERROR(ROUND(C35*C42,0),0) -> 0 | D72: =IFERROR(ROUND(D35*D42,0),0) -> 0 | E72: =IFERROR(ROUND(E35*E42,0),0) -> 0 | F72: =IFERROR(ROUND(F35*F42,0),0) -> 0 | G72: =IFERROR(ROUND(G35*G42,0),0) -> 0 | H72: =IFERROR(ROUND(H35*H42,0),0) -> 0 | I72: =IFERROR(ROUND(I35*I42,0),0) -> 0 | J72: =IFERROR(ROUND(J35*J42,0),0) -> 0 | ... N72: =IFERROR(ROUND(N35*N42,0),0) -> 0 | O72: =SUM(C72:N72) -> 0 | P72: 59 | S72: 5
B73: (누계) | C73: =C72 -> 0 | D73: =C73+D72 -> 0 | E73: =D73+E72 -> 0 | F73: =E73+F72 -> 0 | G73: =F73+G72 -> 0 | H73: =G73+H72 -> 0 | I73: =H73+I72 -> 0 | J73: =I73+J72 -> 0 | K73: =J73+K72 -> 0 | ... N73: =M73+N72 -> 0 | O73: =SUM(C73:N73) -> 0 | P73: 60 | S73: 6
B74: (누적) | C74: =C73 -> 0 | D74: =C74+D73 -> 0 | E74: =D74+E73 -> 0 | F74: =E74+F73 -> 0 | G74: =F74+G73 -> 0 | H74: =G74+H73 -> 0 | I74: =H74+I73 -> 0 | J74: =I74+J73 -> 0 | K74: =J74+K73 -> 0 | ... N74: =M74+N73 -> 0 | O74: =EXACT(O73,N74) -> TRUE | P74: 61 | Q74: =ROUND(N74/1000,0) -> 0 | S74: 7
A75: 가정용 | C75: =C69+C72 -> 0 | D75: =D69+D72 -> 0 | E75: =E69+E72 -> 0 | F75: =F69+F72 -> 0 | G75: =G69+G72 -> 0 | H75: =H69+H72 -> 0 | I75: =I69+I72 -> 0 | J75: =J69+J72 -> 0 | ... N75: =N69+N72 -> 0 | O75: =SUM(C75:N75) -> 0 | P75: 62 | S75: 8
B76: (누계) | C76: =C75 -> 0 | D76: =C76+D75 -> 0 | E76: =D76+E75 -> 0 | F76: =E76+F75 -> 0 | G76: =F76+G75 -> 0 | H76: =G76+H75 -> 0 | I76: =H76+I75 -> 0 | J76: =I76+J75 -> 0 | K76: =J76+K75 -> 0 | ... N76: =M76+N75 -> 0 | O76: =SUM(C76:N76) -> 0 | P76: 63 | S76: 9
B77: (누적) | C77: =C76 -> 0 | D77: =C77+D76 -> 0 | E77: =D77+E76 -> 0 | F77: =E77+F76 -> 0 | G77: =F77+G76 -> 0 | H77: =G77+H76 -> 0 | I77: =H77+I76 -> 0 | J77: =I77+J76 -> 0 | K77: =J77+K76 -> 0 | ... N77: =M77+N76 -> 0 | O77: =N77=(N71+N74) -> TRUE | P77: 64 | Q77: =Q71+Q74 -> 0 | S77: 10
A78: 일반용 | C78: =IFERROR(ROUND(C35*C48,0),0) -> 0 | D78: =IFERROR(ROUND(D35*D48,0),0) -> 0 | E78: =IFERROR(ROUND(E35*E48,0),0) -> 0 | F78: =IFERROR(ROUND(F35*F48,0),0) -> 0 | G78: =IFERROR(ROUND(G35*G48,0),0) -> 0 | H78: =IFERROR(ROUND(H35*H48,0),0) -> 0 | I78: =IFERROR(ROUND(I35*I48,0),0) -> 0 | J78: =IFERROR(ROUND(J35*J48,0),0) -> 0 | ... N78: =IFERROR(ROUND(N35*N48,0),0) -> 0 | O78: =SUM(C78:N78) -> 0 | P78: 65 | S78: 11
B79: (누계) | C79: =C78 -> 0 | D79: =C79+D78 -> 0 | E79: =D79+E78 -> 0 | F79: =E79+F78 -> 0 | G79: =F79+G78 -> 0 | H79: =G79+H78 -> 0 | I79: =H79+I78 -> 0 | J79: =I79+J78 -> 0 | K79: =J79+K78 -> 0 | ... N79: =M79+N78 -> 0 | O79: =SUM(C79:N79) -> 0 | P79: 66 | S79: 12
B80: (누적) | C80: =C79 -> 0 | D80: =C80+D79 -> 0 | E80: =D80+E79 -> 0 | F80: =E80+F79 -> 0 | G80: =F80+G79 -> 0 | H80: =G80+H79 -> 0 | I80: =H80+I79 -> 0 | J80: =I80+J79 -> 0 | K80: =J80+K79 -> 0 | ... N80: =M80+N79 -> 0 | O80: =EXACT(O79,N80) -> TRUE | P80: 67 | Q80: =ROUND(N80/1000,0) -> 0 | S80: 13
A81: 업무용 | C81: =IFERROR(ROUND(C35*C51,0),0) -> 0 | D81: =IFERROR(ROUND(D35*D51,0),0) -> 0 | E81: =IFERROR(ROUND(E35*E51,0),0) -> 0 | F81: =IFERROR(ROUND(F35*F51,0),0) -> 0 | G81: =IFERROR(ROUND(G35*G51,0),0) -> 0 | H81: =IFERROR(ROUND(H35*H51,0),0) -> 0 | I81: =IFERROR(ROUND(I35*I51,0),0) -> 0 | J81: =IFERROR(ROUND(J35*J51,0),0) -> 0 | ... N81: =IFERROR(ROUND(N35*N51,0),0) -> 0 | O81: =SUM(C81:N81) -> 0 | P81: 68 | S81: 14
B82: (누계) | C82: =C81 -> 0 | D82: =IFERROR(ROUND(D35*SUM(C51),0),0)+D81 -> 0 | E82: =IFERROR(ROUND(E35*SUM(C51:D51),0),0)+E81 -> 0 | F82: =IFERROR(ROUND(F35*SUM(C51:E51),0),0)+F81 -> 0 | G82: =IFERROR(ROUND(G35*SUM(C51:F51),0),0)+G81 -> 0 | H82: =IFERROR(ROUND(H35*SUM(C51:G51),0),0)+H81 -> 0 | I82: =IFERROR(ROUND(I35*SUM(C51:H51),0),0)+I81 -> 0 | J82: =IFERROR(ROUND(J35*SUM(C51:I51),0),0)+J81 -> 0 | K82: =IFERROR(ROUND(K35*SUM(C51:J51),0),0)+K81 -> 0 | L82: =IFERROR(ROUND(L35*SUM(C51:K51),0),0)+L81 -> 0 | M82: =IFERROR(ROUND(M35*SUM(C51:L51),0),0)+M81 -> 0 | N82: =IFERROR(ROUND(N35*SUM(C51:M51),0),0)+N81 -> 0 | O82: =SUM(C82:N82) -> 0 | P82: 69 | S82: 15
B83: (누적) | C83: =C82 -> 0 | D83: =C83+D82 -> 0 | E83: =D83+E82 -> 0 | F83: =E83+F82 -> 0 | G83: =F83+G82 -> 0 | H83: =G83+H82 -> 0 | I83: =H83+I82 -> 0 | J83: =I83+J82 -> 0 | K83: =J83+K82 -> 0 | ... N83: =M83+N82 -> 0 | O83: =EXACT(O82,N83) -> TRUE | P83: 70 | Q83: =ROUND(N83/1000,0) -> 0 | S83: 16
A84: 산업용 | C84: =IFERROR(ROUND(C35*C54,0),0) -> 0 | D84: =IFERROR(ROUND(D35*D54,0),0) -> 0 | E84: =IFERROR(ROUND(E35*E54,0),0) -> 0 | F84: =IFERROR(ROUND(F35*F54,0),0) -> 0 | G84: =IFERROR(ROUND(G35*G54,0),0) -> 0 | H84: =IFERROR(ROUND(H35*H54,0),0) -> 0 | I84: =IFERROR(ROUND(I35*I54,0),0) -> 0 | J84: =IFERROR(ROUND(J35*J54,0),0) -> 0 | ... N84: =IFERROR(ROUND(N35*N54,0),0) -> 0 | O84: =SUM(C84:N84) -> 0 | P84: 71 | S84: 17
B85: (누계) | C85: =C84 -> 0 | D85: =IFERROR(ROUND(D35*SUM(C54),0),0)+D84 -> 0 | E85: =IFERROR(ROUND(E35*SUM(C54:D54),0),0)+E84 -> 0 | F85: =IFERROR(ROUND(F35*SUM(C54:E54),0),0)+F84 -> 0 | G85: =IFERROR(ROUND(G35*SUM(C54:F54),0),0)+G84 -> 0 | H85: =IFERROR(ROUND(H35*SUM(C54:G54),0),0)+H84 -> 0 | I85: =IFERROR(ROUND(I35*SUM(C54:H54),0),0)+I84 -> 0 | J85: =IFERROR(ROUND(J35*SUM(C54:I54),0),0)+J84 -> 0 | K85: =IFERROR(ROUND(K35*SUM(C54:J54),0),0)+K84 -> 0 | L85: =IFERROR(ROUND(L35*SUM(C54:K54),0),0)+L84 -> 0 | M85: =IFERROR(ROUND(M35*SUM(C54:L54),0),0)+M84 -> 0 | N85: =IFERROR(ROUND(N35*SUM(C54:M54),0),0)+N84 -> 0 | O85: =SUM(C85:N85) -> 0 | P85: 72 | S85: 18
B86: (누적) | C86: =C85 -> 0 | D86: =C86+D85 -> 0 | E86: =D86+E85 -> 0 | F86: =E86+F85 -> 0 | G86: =F86+G85 -> 0 | H86: =G86+H85 -> 0 | I86: =H86+I85 -> 0 | J86: =I86+J85 -> 0 | K86: =J86+K85 -> 0 | ... N86: =M86+N85 -> 0 | O86: =EXACT(O85,N86) -> TRUE | P86: 73 | Q86: =ROUND(N86/1000,0) -> 0 | S86: 19
A87: 열병합용 | C87: =IFERROR(ROUND(C35*C57,0),0) -> 0 | D87: =IFERROR(ROUND(D35*D57,0),0) -> 0 | E87: =IFERROR(ROUND(E35*E57,0),0) -> 0 | F87: =IFERROR(ROUND(F35*F57,0),0) -> 0 | G87: =IFERROR(ROUND(G35*G57,0),0) -> 0 | H87: =IFERROR(ROUND(H35*H57,0),0) -> 0 | I87: =IFERROR(ROUND(I35*I57,0),0) -> 0 | J87: =IFERROR(ROUND(J35*J57,0),0) -> 0 | ... N87: =IFERROR(ROUND(N35*N57,0),0) -> 0 | O87: =SUM(C87:N87) -> 0 | P87: 74 | S87: 20
B88: (누계) | C88: =C87 -> 0 | D88: =C88+D87 -> 0 | E88: =D88+E87 -> 0 | F88: =E88+F87 -> 0 | G88: =F88+G87 -> 0 | H88: =G88+H87 -> 0 | I88: =H88+I87 -> 0 | J88: =I88+J87 -> 0 | K88: =J88+K87 -> 0 | ... N88: =M88+N87 -> 0 | O88: =SUM(C88:N88) -> 0 | P88: 75 | S88: 21
B89: (누적) | C89: =C88 -> 0 | D89: =C89+D88 -> 0 | E89: =D89+E88 -> 0 | F89: =E89+F88 -> 0 | G89: =F89+G88 -> 0 | H89: =G89+H88 -> 0 | I89: =H89+I88 -> 0 | J89: =I89+J88 -> 0 | K89: =J89+K88 -> 0 | ... N89: =M89+N88 -> 0 | O89: =EXACT(O88,N89) -> TRUE | P89: 76 | Q89: =ROUND(N89/1000,0) -> 0 | S89: 22
A90: 수송용 | O90: =SUM(C90:N90) -> 0 | P90: 77 | S90: 23
O91: =SUM(C91:N91) -> 0 | P91: 78 | S91: 24
B92: (누적) | C92: =ROUND(C103,0) -> 0 | D92: =ROUND(D103,0) -> 0 | E92: =ROUND(E103,0) -> 0 | F92: =ROUND(F103,0) -> 0 | G92: =ROUND(G103,0) -> 0 | H92: =ROUND(H103,0) -> 0 | I92: =ROUND(I103,0) -> 0 | J92: =ROUND(J103,0) -> 0 | ... N92: =ROUND(N103,0) -> 0 | O92: =EXACT(O91,N92) -> TRUE | P92: 79 | Q92: =ROUND(N92/1000,0) -> 0 | S92: 25
A93: 합계 | C93: =C69+C72+C78+C81+C84+C87 -> 0 | D93: =D69+D72+D78+D81+D84+D87 -> 0 | E93: =E69+E72+E78+E81+E84+E87 -> 0 | F93: =F69+F72+F78+F81+F84+F87 -> 0 | G93: =G69+G72+G78+G81+G84+G87 -> 0 | H93: =H69+H72+H78+H81+H84+H87 -> 0 | I93: =I69+I72+I78+I81+I84+I87 -> 0 | J93: =J69+J72+J78+J81+J84+J87 -> 0 | ... N93: =N69+N72+N78+N81+N84+N87 -> 0 | O93: =SUM(C93:N93) -> 0 | P93: 80 | S93: 26
B94: (누계) | C94: =C70+C73+C79+C82+C85+C88 -> 0 | D94: =D70+D73+D79+D82+D85+D88 -> 0 | E94: =E70+E73+E79+E82+E85+E88 -> 0 | F94: =F70+F73+F79+F82+F85+F88 -> 0 | G94: =G70+G73+G79+G82+G85+G88 -> 0 | H94: =H70+H73+H79+H82+H85+H88 -> 0 | I94: =I70+I73+I79+I82+I85+I88 -> 0 | J94: =J70+J73+J79+J82+J85+J88 -> 0 | ... N94: =N70+N73+N79+N82+N85+N88 -> 0 | O94: =SUM(C94:N94) -> 0 | P94: 81 | Q94: 수송용 제외 | R94: 수송용 포함 | S94: 27
B95: (누적) | C95: =C77+C80+C83+C86+C89 -> 0 | D95: =D77+D80+D83+D86+D89 -> 0 | E95: =E77+E80+E83+E86+E89 -> 0 | F95: =F77+F80+F83+F86+F89 -> 0 | G95: =G77+G80+G83+G86+G89 -> 0 | H95: =H77+H80+H83+H86+H89 -> 0 | I95: =I77+I80+I83+I86+I89 -> 0 | J95: =J77+J80+J83+J86+J89 -> 0 | ... N95: =N77+N80+N83+N86+N89 -> 0 | O95: =EXACT(O94,N95) -> TRUE | P95: 82 | Q95: =Q71+Q74+Q80+Q83+Q86+Q89 -> 0 | R95: =Q71+Q74+Q80+Q83+Q86+Q89+Q92 -> 0 | S95: 28
P96: 83
P97: 84
B98: ▶ 수송용 | P98: 85
B99: ㎥ | C99: 1월 | D99: 2월 | E99: 3월 | F99: 4월 | G99: 5월 | H99: 6월 | I99: 7월 | J99: 8월 | K99: 9월 | L99: 10월 | M99: 11월 | N99: 12월 | O99: 총합계 | P99: 86
B100: 누적 | C100: =IFERROR(ROUND(C103/C35,0),0) -> 0 | D100: =IFERROR(ROUND(D103/D35,0),C100) -> 0 | E100: =IFERROR(ROUND(E103/E35,0),D100) -> 0 | F100: =IFERROR(ROUND(F103/F35,0),E100) -> 0 | G100: =IFERROR(ROUND(G103/G35,0),F100) -> 0 | H100: =IFERROR(ROUND(H103/H35,0),G100) -> 0 | I100: =IFERROR(ROUND(I103/I35,0),H100) -> 0 | J100: =IFERROR(ROUND(J103/J35,0),I100) -> 0 | K100: =IFERROR(ROUND(K103/K35,0),J100) -> 0 | ... N100: =IFERROR(ROUND(N103/N35,0),M100) -> 0 | O100: =SUM(C100:N100) -> 0 | P100: 87 | Q100: =N100 -> 0
P101: 88
...

Sheet 영업용발췌(kpi관련)
A5: 구분 | C5: 1 | D5: 2 | E5: 3 | F5: 4 | G5: 5 | H5: 6 | I5: 7 | J5: 8 | K5: 9 | L5: 10 | M5: 11 | N5: 12 | O5: 계
A6: 일반용 | B6: 전수 | C6: 59 | D6: 84 | E6: 92 | F6: 65 | G6: 67 | H6: 77 | I6: 67 | J6: 79 | K6: 92 | L6: 71 | M6: 59 | N6: 83 | O6: =SUM(C6:N6) -> 895
B7: (누계) | C7: =C6 -> 59 | D7: =C7+D6 -> 143 | E7: =D7+E6 -> 235 | F7: =E7+F6 -> 300 | G7: =F7+G6 -> 367 | H7: =G7+H6 -> 444 | I7: =H7+I6 -> 511 | J7: =I7+J6 -> 590 | K7: =J7+K6 -> 682 | ... N7: =M7+N6 -> 895
A9: 일반용 | B9: 개발량 | C9: =ROUND(C6*$R$9,0) -> 6549 | D9: =ROUND(D6*$R$9,0) -> 9324 | E9: =ROUND(E6*$R$9,0) -> 10212 | F9: =ROUND(F6*$R$9,0) -> 7215 | G9: =ROUND(G6*$R$9,0) -> 7437 | H9: =ROUND(H6*$R$9,0) -> 8547 | I9: =ROUND(I6*$R$9,0) -> 7437 | J9: =ROUND(J6*$R$9,0) -> 8769 | ... N9: =ROUND(N6*$R$9,0) -> 9213 | O9: =SUM(C9:N9) -> 99345 | Q9: 일반용 | R9: 111
B10: (누계) | C10: =C9 -> 6549 | D10: =C10+D9 -> 15873 | E10: =D10+E9 -> 26085 | F10: =E10+F9 -> 33300 | G10: =F10+G9 -> 40737 | H10: =G10+H9 -> 49284 | I10: =H10+I9 -> 56721 | J10: =I10+J9 -> 65490 | K10: =J10+K9 -> 75702 | ... N10: =M10+N9 -> 99345 | O10: =SUM(C10:N10) -> 642801
B11: (누적) | C11: =C10 -> 6549 | D11: =C11+D10 -> 22422 | E11: =D11+E10 -> 48507 | F11: =E11+F10 -> 81807 | G11: =F11+G10 -> 122544 | H11: =G11+H10 -> 171828 | I11: =H11+I10 -> 228549 | J11: =I11+J10 -> 294039 | K11: =J11+K10 -> 369741 | ... N11: =M11+N10 -> 642801 | O11: =EXACT(O10,N11) -> TRUE
B14: 환산값 | C14: 42.981723 | D14: 43.088884 | E14: 43.068523 | F14: 42.931832 | G14: 42.572401 | H14: 42.552451 | I14: 42.675424 | J14: 42.53438 | K14: 42.4427 | L14: 42.611967 | M14: 42.673198 | N14: 42.569104
A17: ■ 중점추진업무 관련 신규개발량(다소비업종 실 신규개발량 + 월별 다소비업종 전수 제외한 전당사용량 적용 신규개발량)
A18: 구분 | C18: 1 | D18: 2 | E18: 3 | F18: 4 | G18: 5 | H18: 6 | I18: 7 | J18: 8 | K18: 9 | L18: 10 | M18: 11 | N18: 12 | O18: 계
A19: 일반용 | B19: 전수 | C19: =59-C31 -> 54 | D19: =84-D31 -> 80 | E19: =92-E31 -> 82 | F19: =65-F31 -> 49 | G19: =67-G31 -> 54 | H19: =77-H31 -> 62 | I19: =67-I31 -> 55 | J19: =79-J31 -> 62 | K19: =92-K31 -> 72 | L19: =71-L31 -> 60 | M19: =59-M31 -> 52 | N19: =83-N31 -> 80 | O19: =SUM(C19:N19) -> 762
B20: (누계) | C20: =C19 -> 54 | D20: =C20+D19 -> 134 | E20: =D20+E19 -> 216 | F20: =E20+F19 -> 265 | G20: =F20+G19 -> 319 | H20: =G20+H19 -> 381 | I20: =H20+I19 -> 436 | J20: =I20+J19 -> 498 | K20: =J20+K19 -> 570 | ... N20: =M20+N19 -> 762
A22: 일반용 (㎥) | C22: =ROUND(C19*$R$22,0) -> 5994 | D22: =ROUND(D19*$R$22,0) -> 8880 | E22: =ROUND(E19*$R$22,0) -> 9102 | F22: =ROUND(F19*$R$22,0) -> 5439 | G22: =ROUND(G19*$R$22,0) -> 5994 | H22: =ROUND(H19*$R$22,0) -> 6882 | I22: =ROUND(I19*$R$22,0) -> 6105 | J22: =ROUND(J19*$R$22,0) -> 6882 | ... N22: =ROUND(N19*$R$22,0) -> 8880 | O22: =SUM(C22:N22) -> 84582 | Q22: 일반용 | R22: 111
B23: (누계) | C23: =C22 -> 5994 | D23: =C23+D22 -> 14874 | E23: =D23+E22 -> 23976 | F23: =E23+F22 -> 29415 | G23: =F23+G22 -> 35409 | H23: =G23+H22 -> 42291 | I23: =H23+I22 -> 48396 | J23: =I23+J22 -> 55278 | K23: =J23+K22 -> 63270 | ... N23: =M23+N22 -> 84582 | O23: =SUM(C23:N23) -> 549117
B24: (누적) | C24: =C23 -> 5994 | D24: =C24+D23 -> 20868 | E24: =D24+E23 -> 44844 | F24: =E24+F23 -> 74259 | G24: =F24+G23 -> 109668 | H24: =G24+H23 -> 151959 | I24: =H24+I23 -> 200355 | J24: =I24+J23 -> 255633 | K24: =J24+K23 -> 318903 | ... N24: =M24+N23 -> 549117 | O24: =EXACT(O23,N24) -> TRUE
A25: 일반용 (MJ) | C25: =ROUND(C22*C14,0) -> 257632 | D25: =ROUND(D22*D14,0) -> 382629 | E25: =ROUND(E22*E14,0) -> 392010 | F25: =ROUND(F22*F14,0) -> 233506 | G25: =ROUND(G22*G14,0) -> 255179 | H25: =ROUND(H22*H14,0) -> 292846 | I25: =ROUND(I22*I14,0) -> 260533 | J25: =ROUND(J22*J14,0) -> 292722 | ... N25: =ROUND(N22*N14,0) -> 378014 | O25: =SUM(C25:N25) -> 3614379
B26: (누계) | C26: =C25 -> 257632 | D26: =C26+D25 -> 640261 | E26: =D26+E25 -> 1032271 | F26: =E26+F25 -> 1265777 | G26: =F26+G25 -> 1520956 | H26: =G26+H25 -> 1813802 | I26: =H26+I25 -> 2074335 | J26: =I26+J25 -> 2367057 | K26: =J26+K25 -> 2706259 | ... N26: =M26+N25 -> 3614379 | O26: =SUM(C26:N26) -> 23519149
B27: (누적) | C27: =C26 -> 257632 | D27: =C27+D26 -> 897893 | E27: =D27+E26 -> 1930164 | F27: =E27+F26 -> 3195941 | G27: =F27+G26 -> 4716897 | H27: =G27+H26 -> 6530699 | I27: =H27+I26 -> 8605034 | J27: =I27+J26 -> 10972091 | K27: =J27+K26 -> 13678350 | ... N27: =M27+N26 -> 23519149 | O27: =EXACT(O26,N27) -> TRUE
A29: ---- 다소비 업종 신규개발량(김상욱 부팀장님 관리 자료 적용)
A30: 구분 | C30: 1 | D30: 2 | E30: 3 | F30: 4 | G30: 5 | H30: 6 | I30: 7 | J30: 8 | K30: 9 | L30: 10 | M30: 11 | N30: 12 | O30: 계
A31: 일반용 | B31: 전수 | C31: 5 | D31: 4 | E31: 10 | F31: 16 | G31: 13 | H31: 15 | I31: 12 | J31: 17 | K31: 20 | L31: 11 | M31: 7 | N31: 3 | O31: =SUM(C31:N31) -> 133 | Q31: D:\수요개발팀\기획\000. 월별 실적_매월 확인_추정\2. 신규 개발량\2023년\2023년 다소비업종 신규개발량 실적 입력
B32: (누계) | C32: =C31 -> 5 | D32: =C32+D31 -> 9 | E32: =D32+E31 -> 19 | F32: =E32+F31 -> 35 | G32: =F32+G31 -> 48 | H32: =G32+H31 -> 63 | I32: =H32+I31 -> 75 | J32: =I32+J31 -> 92 | K32: =J32+K31 -> 112 | ... N32: =M32+N31 -> 133
A34: 일반용 (㎥) | B34: 개발량 | C34: 1408.3431 | D34: 2946.3369 | E34: 7509.8436 | F34: 13912.213 | G34: 23036.257 | H34: 30195.337 | I34: 33151.665 | J34: 35657.055 | K34: 42786.488 | L34: 45476.84 | M34: 54709.099 | N34: 62991.823 | O34: =SUM(C34:N34) -> 353781.3
B35: (누계)
B36: (누적)
A38: 일반용(MJ) | B38: 개발량 | C38: 60527.793 | D38: 126599.48 | E38: 323826.12 | F38: 598936.5 | G38: 988157.76 | H38: 1284795.8 | I38: 1411474.6 | J38: 1521657.3 | K38: 1818856.4 | L38: 1930189.1 | M38: 2332766.4 | N38: 2685453.7 | O38: =SUM(C38:N38) -> 15083241 | Q38: D:\수요개발팀\기획\000. 월별 실적_매월 확인_추정\2. 신규 개발량\2023년\2023년 다소비업종 신규개발량 실적 입력
A40: 일반용 신규개발량(㎥) | C40: =C23+C34 -> 7402.3431 | D40: =D23+D34 -> 17820.337 | E40: =E23+E34 -> 31485.844 | F40: =F23+F34 -> 43327.213 | G40: =G23+G34 -> 58445.257 | H40: =H23+H34 -> 72486.337 | I40: =I23+I34 -> 81547.665 | J40: =J23+J34 -> 90935.055 | ... N40: =N23+N34 -> 147573.82 | O40: =SUM(C40:N40) -> 902898.3 | Q40: =O40/Q45 -> 1.0788089
A42: 일반용 신규개발량(MJ) | C42: =C26+C38 -> 318159.79 | D42: =D26+D38 -> 766860.48 | E42: =E26+E38 -> 1356097.1 | F42: =F26+F38 -> 1864713.5 | G42: =G26+G38 -> 2509113.8 | H42: =H26+H38 -> 3098597.8 | I42: =I26+I38 -> 3485809.6 | J42: =J26+J38 -> 3888714.3 | ... N42: =N26+N38 -> 6299832.7 | O42: =SUM(C42:N42) -> 38602390
A45: 일반용 | B45: 개발량 | C45: 626.4801 | D45: 11767.533 | E45: 24690.046 | F45: 45890.41 | G45: 64250.334 | H45: 80425.93 | I45: 95966.386 | J45: 104759.54 | K45: 117263.74 | L45: 131130.92 | M45: 148248.29 | N45: 169614.82 | O45: =SUM(C45:N45) -> 994634.43 | Q45: 836940
B46: (누계) | Q46: =O45/Q45 -> 1.1884178
B47: (누적)
B50: 열량
A51: 공동 | B51: 544269 | C51: 477510 | D51: =C51/B51 -> 0.8773419
A52: 단독 | B52: 61234 | C52: 37017 | D52: =C52/B52 -> 0.6045171
A53: 가정용 | B53: 605503 | C53: 514527 | D53: =C53/B53 -> 0.84975136
A54: 영업용 | B54: 35695 | C54: 23519 | D54: =SUM(C54:C55)/B54 -> 1.0812159
C55: 15075
B56: 35695 | C56: 38594 | D56: =C56/B56 -> 1.0812159
B57: =B56+B53 -> 641198 | C57: =C56+C53 -> 553121 | D57: =C57/B57 -> 0.86263681
A59: 업무 | B59: 56955 | C59: 59421 | D59: =C59/B59 -> 1.0432973
A60: 산업 | B60: 34256 | C60: 38454 | D60: =C60/B60 -> 1.1225479
B61: =SUM(B59:B60) -> 91211 | C61: =SUM(C59:C60) -> 97875 | D61: =C61/B61 -> 1.0730614
A62: 합계 | B62: =B57+B61 -> 732409 | C62: =C57+C61 -> 650996 | D62: =C62/B62 -> 0.88884216
A63: CNG | B63: 2691
B64: =SUM(B62:B63) -> 735100 | C64: =SUM(C62:C63) -> 650996 | D64: =C64/B64 -> 0.88558836

Sheet 4_1. 공급전 계획
A1: 2025년 개발 계획
A2: 1. 공급전 | B2: ▶ 당초사업계획 → [공급전계획 sheet]
A3: 구 분 | B3: 상 반 기 | H3: 하 반 기 | N3: 연간계
B4: 1 | C4: 2 | D4: 3 | E4: 4 | F4: 5 | G4: 6 | H4: 7 | I4: 8 | J4: 9 | K4: 10 | L4: 11 | M4: 12
A5: 공동주택 | B5: ='3_1. 개발량 계획'!C3 -> 2514 | C5: ='3_1. 개발량 계획'!D3 -> 1896 | D5: ='3_1. 개발량 계획'!E3 -> 1311 | E5: ='3_1. 개발량 계획'!F3 -> 913 | F5: ='3_1. 개발량 계획'!G3 -> 1180 | G5: ='3_1. 개발량 계획'!H3 -> 1298 | H5: ='3_1. 개발량 계획'!I3 -> 1130 | I5: ='3_1. 개발량 계획'!J3 -> 1397 | ... M5: ='3_1. 개발량 계획'!N3 -> 1197 | N5: =SUM(B5:M5) -> 16722 | P5: 매년 업데이트 | S5: =SUM(B5:G5) -> 9112
A6: 단독주택 | B6: ='3_1. 개발량 계획'!C5 -> 281 | C6: ='3_1. 개발량 계획'!D5 -> 196 | D6: ='3_1. 개발량 계획'!E5 -> 153 | E6: ='3_1. 개발량 계획'!F5 -> 152 | F6: ='3_1. 개발량 계획'!G5 -> 145 | G6: ='3_1. 개발량 계획'!H5 -> 153 | H6: ='3_1. 개발량 계획'!I5 -> 179 | I6: ='3_1. 개발량 계획'!J5 -> 170 | ... M6: ='3_1. 개발량 계획'!N5 -> 304 | N6: =SUM(B6:M6) -> 2372 | S6: =SUM(B6:G6) -> 1080
A7: 가정용 | B7: =SUM(B5:B6) -> 2795 | C7: =SUM(C5:C6) -> 2092 | D7: =SUM(D5:D6) -> 1464 | E7: =SUM(E5:E6) -> 1065 | F7: =SUM(F5:F6) -> 1325 | G7: =SUM(G5:G6) -> 1451 | H7: =SUM(H5:H6) -> 1309 | I7: =SUM(I5:I6) -> 1567 | ... M7: =SUM(M5:M6) -> 1501 | N7: =SUM(B7:M7) -> 19094 | S7: =SUM(B7:G7) -> 10192
A8: 일반용 | B8: ='3_1. 개발량 계획'!C8 -> 66 | C8: ='3_1. 개발량 계획'!D8 -> 57 | D8: ='3_1. 개발량 계획'!E8 -> 71 | E8: ='3_1. 개발량 계획'!F8 -> 72 | F8: ='3_1. 개발량 계획'!G8 -> 72 | G8: ='3_1. 개발량 계획'!H8 -> 67 | H8: ='3_1. 개발량 계획'!I8 -> 70 | I8: ='3_1. 개발량 계획'!J8 -> 65 | ... M8: ='3_1. 개발량 계획'!N8 -> 90 | N8: =SUM(B8:M8) -> 868 | S8: =SUM(B8:G8) -> 405
A9: 업무용 | B9: ='3_1. 개발량 계획'!C10 -> 31 | C9: ='3_1. 개발량 계획'!D10 -> 24 | D9: ='3_1. 개발량 계획'!E10 -> 27 | E9: ='3_1. 개발량 계획'!F10 -> 33 | F9: ='3_1. 개발량 계획'!G10 -> 25 | G9: ='3_1. 개발량 계획'!H10 -> 22 | H9: ='3_1. 개발량 계획'!I10 -> 23 | I9: ='3_1. 개발량 계획'!J10 -> 27 | ... M9: ='3_1. 개발량 계획'!N10 -> 30 | N9: =SUM(B9:M9) -> 313 | S9: =SUM(B9:G9) -> 162
A10: 산업용 | B10: ='3_1. 개발량 계획'!C12 -> 1 | C10: ='3_1. 개발량 계획'!D12 -> 1 | D10: ='3_1. 개발량 계획'!E12 -> 0 | E10: ='3_1. 개발량 계획'!F12 -> 1 | F10: ='3_1. 개발량 계획'!G12 -> 1 | G10: ='3_1. 개발량 계획'!H12 -> 1 | H10: ='3_1. 개발량 계획'!I12 -> 0 | I10: ='3_1. 개발량 계획'!J12 -> 1 | ... M10: ='3_1. 개발량 계획'!N12 -> 2 | N10: =SUM(B10:M10) -> 12 | S10: =SUM(B10:G10) -> 5
A11: 열병합용 | B11: ='3_1. 개발량 계획'!C14 -> 0 | C11: ='3_1. 개발량 계획'!D14 -> 0 | D11: ='3_1. 개발량 계획'!E14 -> 0 | E11: ='3_1. 개발량 계획'!F14 -> 1 | F11: ='3_1. 개발량 계획'!G14 -> 0 | G11: ='3_1. 개발량 계획'!H14 -> 0 | H11: ='3_1. 개발량 계획'!I14 -> 4 | I11: ='3_1. 개발량 계획'!J14 -> 1 | ... M11: ='3_1. 개발량 계획'!N14 -> 1 | N11: =SUM(B11:M11) -> 7 | S11: =SUM(B11:G11) -> 1
A12: 합 계 | B12: =SUM(B7:B11) -> 2893 | C12: =SUM(C7:C11) -> 2174 | D12: =SUM(D7:D11) -> 1562 | E12: =SUM(E7:E11) -> 1172 | F12: =SUM(F7:F11) -> 1423 | G12: =SUM(G7:G11) -> 1541 | H12: =SUM(H7:H11) -> 1406 | I12: =SUM(I7:I11) -> 1661 | ... M12: =SUM(M7:M11) -> 1624 | N12: =SUM(B12:M12) -> 20294 | S12: =SUM(B12:G12) -> 10765
A14: 2. 개발량(㎥)
A15: 구 분 | B15: 상 반 기 | H15: 하 반 기 | N15: 연간계
B16: 1 | C16: 2 | D16: 3 | E16: 4 | F16: 5 | G16: 6 | H16: 7 | I16: 8 | J16: 9 | K16: 10 | L16: 11 | M16: 12
A17: 공동주택 | B17: ='3_1. 개발량 계획'!C21 -> 119164 | C17: ='3_1. 개발량 계획'!D21 -> 89870 | D17: ='3_1. 개발량 계획'!E21 -> 62141 | E17: ='3_1. 개발량 계획'!F21 -> 43276 | F17: ='3_1. 개발량 계획'!G21 -> 55932 | G17: ='3_1. 개발량 계획'!H21 -> 61525 | H17: ='3_1. 개발량 계획'!I21 -> 53562 | I17: ='3_1. 개발량 계획'!J21 -> 66218 | ... M17: ='3_1. 개발량 계획'!N21 -> 56738 | N17: =SUM(B17:M17) -> 792622
A18: 단독주택 | B18: ='3_1. 개발량 계획'!C24 -> 11746 | C18: ='3_1. 개발량 계획'!D24 -> 8193 | D18: ='3_1. 개발량 계획'!E24 -> 6395 | E18: ='3_1. 개발량 계획'!F24 -> 6354 | F18: ='3_1. 개발량 계획'!G24 -> 6061 | G18: ='3_1. 개발량 계획'!H24 -> 6395 | H18: ='3_1. 개발량 계획'!I24 -> 7482 | I18: ='3_1. 개발량 계획'!J24 -> 7106 | ... M18: ='3_1. 개발량 계획'!N24 -> 12707 | N18: =SUM(B18:M18) -> 99149
A19: 가정용 | B19: =SUM(B17:B18) -> 130910 | C19: =SUM(C17:C18) -> 98063 | D19: =SUM(D17:D18) -> 68536 | E19: =SUM(E17:E18) -> 49630 | F19: =SUM(F17:F18) -> 61993 | G19: =SUM(G17:G18) -> 67920 | H19: =SUM(H17:H18) -> 61044 | I19: =SUM(I17:I18) -> 73324 | ... M19: =SUM(M17:M18) -> 69445 | N19: =SUM(B19:M19) -> 891771
A20: 일반용 | B20: ='3_1. 개발량 계획'!C30 -> 13233 | C20: ='3_1. 개발량 계획'!D30 -> 11429 | D20: ='3_1. 개발량 계획'!E30 -> 14236 | E20: ='3_1. 개발량 계획'!F30 -> 14436 | F20: ='3_1. 개발량 계획'!G30 -> 14436 | G20: ='3_1. 개발량 계획'!H30 -> 13434 | H20: ='3_1. 개발량 계획'!I30 -> 14035 | I20: ='3_1. 개발량 계획'!J30 -> 13033 | ... M20: ='3_1. 개발량 계획'!N30 -> 18045 | N20: =SUM(B20:M20) -> 174037
A21: 업무용 | B21: ='3_1. 개발량 계획'!C33 -> 12720 | C21: ='3_1. 개발량 계획'!D33 -> 14061 | D21: ='3_1. 개발량 계획'!E33 -> 14748 | E21: ='3_1. 개발량 계획'!F33 -> 18134 | F21: ='3_1. 개발량 계획'!G33 -> 15552 | G21: ='3_1. 개발량 계획'!H33 -> 9691 | H21: ='3_1. 개발량 계획'!I33 -> 13799 | I21: ='3_1. 개발량 계획'!J33 -> 20789 | ... M21: ='3_1. 개발량 계획'!N33 -> 20189 | N21: =SUM(B21:M21) -> 183397
A22: 산업용 | B22: ='3_1. 개발량 계획'!C36 -> 5000 | C22: ='3_1. 개발량 계획'!D36 -> 20000 | D22: ='3_1. 개발량 계획'!E36 -> 0 | E22: ='3_1. 개발량 계획'!F36 -> 5000 | F22: ='3_1. 개발량 계획'!G36 -> 5000 | G22: ='3_1. 개발량 계획'!H36 -> 5000 | H22: ='3_1. 개발량 계획'!I36 -> 0 | I22: ='3_1. 개발량 계획'!J36 -> 5000 | ... M22: ='3_1. 개발량 계획'!N36 -> 10000 | N22: =SUM(B22:M22) -> 105000
A23: 열병합용 | B23: ='3_1. 개발량 계획'!C39 -> 0 | C23: ='3_1. 개발량 계획'!D39 -> 0 | D23: ='3_1. 개발량 계획'!E39 -> 0 | E23: ='3_1. 개발량 계획'!F39 -> 0 | F23: ='3_1. 개발량 계획'!G39 -> 0 | G23: ='3_1. 개발량 계획'!H39 -> 0 | H23: ='3_1. 개발량 계획'!I39 -> 0 | I23: ='3_1. 개발량 계획'!J39 -> 0 | ... M23: ='3_1. 개발량 계획'!N39 -> 0 | N23: =SUM(B23:M23) -> 0
A24: 합 계 | B24: =SUM(B19:B23) -> 161863 | C24: =SUM(C19:C23) -> 143553 | D24: =SUM(D19:D23) -> 97520 | E24: =SUM(E19:E23) -> 87200 | F24: =SUM(F19:F23) -> 96981 | G24: =SUM(G19:G23) -> 96045 | H24: =SUM(H19:H23) -> 88878 | I24: =SUM(I19:I23) -> 112146 | ... M24: =SUM(M19:M23) -> 117679 | N24: =SUM(B24:M24) -> 1354205
A26: 3. CNG | B26: ▶ 당초사업계획 → [CNG계획 sheet] → 신규도입대수
A27: 구 분 | B27: 상 반 기 | H27: 하 반 기 | N27: 연간계
B28: 1 | C28: 2 | D28: 3 | E28: 4 | F28: 5 | G28: 6 | H28: 7 | I28: 8 | J28: 9 | K28: 10 | L28: 11 | M28: 12
A29: 시내버스 | N29: =SUM(B29:M29) -> 0
A30: 버스(기타) | N30: =SUM(B30:M30) -> 0
A31: 청소차 | N31: =SUM(B31:M31) -> 0
A32: 택시 | N32: =SUM(B32:M32) -> 0
A33: 승용차 | N33: =SUM(B33:M33) -> 0
A34: 합 계 | B34: =SUM(B29:B33) -> 0 | C34: =SUM(C29:C33) -> 0 | D34: =SUM(D29:D33) -> 0 | E34: =SUM(E29:E33) -> 0 | F34: =SUM(F29:F33) -> 0 | G34: =SUM(G29:G33) -> 0 | H34: =SUM(H29:H33) -> 0 | I34: =SUM(I29:I33) -> 0 | ... M34: =SUM(M29:M33) -> 0 | N34: =SUM(B34:M34) -> 0

Sheet 4_2. 계약전 계획
A1: 2025년 계약전 계획
A2: 1. 계약전
A3: 구 분 | B3: 상 반 기 | H3: 하 반 기 | N3: 연간계
B4: 1 | C4: 2 | D4: 3 | E4: 4 | F4: 5 | G4: 6 | H4: 7 | I4: 8 | J4: 9 | K4: 10 | L4: 11 | M4: 12
A5: 공동주택 | B5: 1582 | C5: 3710 | D5: 368 | E5: 2341 | F5: 4831 | G5: 2381 | H5: 984 | I5: 593 | J5: 2082 | K5: 945 | L5: 117 | M5: 2993 | N5: =SUM(B5:M5) -> 22927 | P5: 매년 업데이트
A6: 단독주택 | B6: 96 | C6: 123 | D6: 121 | E6: 154 | F6: 256 | G6: 144 | H6: 182 | I6: 165 | J6: 761 | K6: 251 | L6: 246 | M6: 161 | N6: =SUM(B6:M6) -> 2660
A7: 가정용 | B7: =SUM(B5:B6) -> 1678 | C7: =SUM(C5:C6) -> 3833 | D7: =SUM(D5:D6) -> 489 | E7: =SUM(E5:E6) -> 2495 | F7: =SUM(F5:F6) -> 5087 | G7: =SUM(G5:G6) -> 2525 | H7: =SUM(H5:H6) -> 1166 | I7: =SUM(I5:I6) -> 758 | ... M7: =SUM(M5:M6) -> 3154 | N7: =SUM(B7:M7) -> 25587
A8: 일반용 | B8: 72 | C8: 45 | D8: 99 | E8: 73 | F8: 78 | G8: 63 | H8: 64 | I8: 76 | J8: 70 | K8: 77 | L8: 86 | M8: 97 | N8: =SUM(B8:M8) -> 900
A9: 업무용 | B9: 27 | C9: 22 | D9: 18 | E9: 36 | F9: 26 | G9: 34 | H9: 19 | I9: 20 | J9: 21 | K9: 33 | L9: 35 | M9: 26 | N9: =SUM(B9:M9) -> 317
A10: 산업용 | B10: 1 | C10: 4 | D10: 0 | E10: 1 | F10: 0 | G10: 0 | H10: 1 | I10: 1 | J10: 8 | K10: 0 | L10: 0 | M10: 0 | N10: =SUM(B10:M10) -> 16
A11: 열병합용 | B11: 0 | C11: 0 | D11: 0 | E11: 1 | F11: 0 | J11: 0 | K11: 1 | L11: 0 | M11: 0 | N11: =SUM(B11:M11) -> 2
A12: 합 계 | B12: =SUM(B7:B11) -> 1778 | C12: =SUM(C7:C11) -> 3904 | D12: =SUM(D7:D11) -> 606 | E12: =SUM(E7:E11) -> 2606 | F12: =SUM(F7:F11) -> 5191 | G12: =SUM(G7:G11) -> 2622 | H12: =SUM(H7:H11) -> 1250 | I12: =SUM(I7:I11) -> 855 | ... M12: =SUM(M7:M11) -> 3277 | N12: =SUM(B12:M12) -> 26822

Sheet 4_3. 일반용 판매량(2024년)
A1: 2024년 일반용 공급 계획
R2: (단위: ㎥)
A3: 구 분 | D3: 1월 | E3: 2월 | F3: 3월 | G3: 4월 | H3: 5월 | I3: 6월 | J3: 상반기계 | K3: 7월 | L3: 8월 | M3: 9월 | N3: 10월 | O3: 11월 | P3: 12월 | Q3: 하반기계 | R3: 년간계
A4: 공급일수 (조업일수) | B4: 사업계획 적용 일수 | D4: 29.5 | E4: 27.3 | F4: 29.2 | G4: 28.5 | H4: 29.4 | I4: 28.2 | K4: 29.7 | L4: 29.4 | M4: 27.2 | N4: 29.4 | O4: 28.6 | P4: 29.3
B5: 정수화 | D5: =ROUND(D4,0) -> 30 | E5: =ROUND(E4,0) -> 27 | F5: =ROUND(F4,0) -> 29 | G5: =ROUND(G4,0) -> 29 | H5: =ROUND(H4,0) -> 29 | I5: =ROUND(I4,0) -> 28 | J5: =SUM(D5:I5) -> 172 | K5: =ROUND(K4,0) -> 30 | L5: =ROUND(L4,0) -> 29 | M5: =ROUND(M4,0) -> 27 | N5: =ROUND(N4,0) -> 29 | O5: =ROUND(O4,0) -> 29 | P5: =ROUND(P4,0) -> 29 | Q5: =SUM(K5:P5) -> 173 | R5: =J5+Q5 -> 345
A6: 일반용 | B6: 일반용1 (영업) | C6: 공급업소수(전) | D6: 27099 | E6: 27154 | F6: 27222 | G6: 27290 | H6: 27358 | I6: 27418 | K6: 27482 | L6: 27544 | M6: 27610 | N6: 27690 | O6: 27784 | P6: 27878
C7: 평균공급업소수(전) | D7: 27067 | E7: 27099 | F7: 27154 | G7: 27222 | H7: 27290 | I7: 27358 | K7: 27418 | L7: 27482 | M7: 27544 | N7: 27610 | O7: 27690 | P7: 27784
C8: 업소당일공급량(MJ) | D8: 191.74402 | E8: 185.65042 | F8: 168.53238 | G8: 163.17562 | H8: 157.12953 | I8: 156.08485 | K8: 149.63117 | L8: 147.19763 | M8: 167.8088 | N8: 181.5204 | O8: 206.85283 | P8: 218.71966
C9: 업소당일공급량(㎥) | D9: =D10/D7/D5 -> 4.4202498 | E9: =E10/E7/E5 -> 4.4043965 | F9: =F10/F7/F5 -> 3.9835066 | G9: =G10/G7/G5 -> 3.7644084 | H9: =H10/H7/H5 -> 3.7393753 | I9: =I10/I7/I5 -> 3.6890489 | J9: =AVERAGE(D9:I9) -> 4.0001642 | K9: =K10/K7/K5 -> 3.4768096 | L9: =L10/L7/L5 -> 3.502192 | M9: =M10/M7/M5 -> 3.9679879 | N9: =N10/N7/N5 -> 4.3215789 | O9: =O10/O7/O5 -> 4.7930549 | P9: =P10/P7/P5 -> 5.1920083 | Q9: =AVERAGE(K9:P9) -> 4.2089386
C10: 월공급량(㎥/월) | D10: 3589287 | E10: 3222578 | F10: 3136876 | G10: 2971767 | H10: 2959379 | I10: 2825900 | J10: =SUM(D10:I10) -> 18705787 | K10: 2859815 | L10: 2791170 | M10: 2950945 | N10: 3460245 | O10: 3848871 | P10: 4183388 | Q10: =SUM(K10:P10) -> 20094434 | R10: =J10+Q10 -> 38800221
C11: 월공급량(GJ/월)
D13: 1월 | E13: 2월 | F13: 3월 | G13: 4월 | H13: 5월 | I13: 6월 | K13: 7월 | L13: 8월 | M13: 9월 | N13: 10월 | O13: 11월 | P13: 12월 | Q13: 전당사용량
C14: 평균전당사용량(㎥/전) | D14: =ROUND(D10/D7,0) -> 133 | E14: =ROUND(E10/E7,0) -> 119 | F14: =ROUND(F10/F7,0) -> 116 | G14: =ROUND(G10/G7,0) -> 109 | H14: =ROUND(H10/H7,0) -> 108 | I14: =ROUND(I10/I7,0) -> 103 | K14: =ROUND(K10/K7,0) -> 104 | L14: =ROUND(L10/L7,0) -> 102 | M14: =ROUND(M10/M7,0) -> 107 | N14: =ROUND(N10/N7,0) -> 125 | O14: =ROUND(O10/O7,0) -> 139 | P14: =ROUND(P10/P7,0) -> 151 | Q14: =ROUND(AVERAGE(D14:I14,K14:P14),0) -> 118
C16: ▶ 사업계획 적용 일수 : 해당년도 당초 사업계획 → [공급량계획 sheet] → 당년 조업일수 입력
C17: ▶ 정수화 : round 함수
C18: ▶ 일반용1(영업) : 해당년도 당초 사업계획 → [공급량계획 sheet] → 28행~ 입력

Sheet 5. 업무용 판매량(2025년)
A1: 2025년 업무용 공급 계획
R2: (단위: MJ) | S2: 2025년 열량값 | T2: 42.369
A3: NO | B3: 공급대상 | C3: 월 | D3: 1월 | E3: 2월 | F3: 3월 | G3: 4월 | H3: 5월 | I3: 6월 | J3: 상반기계 | K3: 7월 | L3: 8월 | M3: 9월 | N3: 10월 | O3: 11월 | P3: 12월 | Q3: 하반기계 | R3: 년간계
A4: =ROW()-3 -> 1 | B4: 일반용1 | C4: 1 | D4: 148479 | E4: 148479 | F4: 148479 | G4: 148479 | H4: 148479 | I4: 148479 | J4: 890874 | K4: 148479 | L4: 148479 | M4: 148479 | N4: 148479 | O4: 148479 | P4: 148479 | Q4: 890874 | R4: 1781748
A5: =ROW()-3 -> 2 | B5: 일반용2 | C5: 1 | D5: 143229 | E5: 143229 | F5: 143229 | G5: 143229 | H5: 143229 | I5: 143229 | J5: 859374 | K5: 143229 | L5: 143229 | M5: 143229 | N5: 143229 | O5: 143229 | P5: 143229 | Q5: 859374 | R5: 1718748
A6: =ROW()-3 -> 3 | B6: 업무난방용 | C6: 1 | D6: 177735 | E6: 177735 | F6: 177735 | G6: 177735 | H6: 177735 | I6: 177735 | J6: 1066410 | K6: 177735 | L6: 177735 | M6: 177735 | N6: 177735 | O6: 177735 | P6: 177735 | Q6: 1066410 | R6: 2132820
A7: =ROW()-3 -> 4 | B7: 냉난방용 | C7: 1 | D7: 69477 | E7: 69477 | F7: 69477 | G7: 69477 | H7: 69477 | I7: 69477 | J7: 416862 | K7: 69477 | L7: 69477 | M7: 69477 | N7: 69477 | O7: 69477 | P7: 69477 | Q7: 416862 | R7: 833724
A8: =ROW()-3 -> 5 | B8: 주한미군 | C8: 1 | D8: 0 | E8: 0 | F8: 0 | G8: 0 | H8: 0 | I8: 0 | J8: 0 | K8: 0 | L8: 0 | M8: 0 | N8: 0 | O8: 0 | P8: 0 | Q8: 0 | R8: 0
A9: =ROW()-3 -> 6 | B9: 일반용1 | C9: 2 | E9: 174475 | F9: 174475 | G9: 174475 | H9: 174475 | I9: 174475 | J9: 872375 | K9: 174475 | L9: 174475 | M9: 174475 | N9: 174475 | O9: 174475 | P9: 174475 | Q9: 1046850 | R9: 1919225
A10: =ROW()-3 -> 7 | B10: 일반용2 | C10: 2 | E10: 170749 | F10: 170749 | G10: 170749 | H10: 170749 | I10: 170749 | J10: 853745 | K10: 170749 | L10: 170749 | M10: 170749 | N10: 170749 | O10: 170749 | P10: 170749 | Q10: 1024494 | R10: 1878239
A11: =ROW()-3 -> 8 | B11: 업무난방용 | C11: 2 | E11: 108893 | F11: 108893 | G11: 108893 | H11: 108893 | I11: 108893 | J11: 544465 | K11: 108893 | L11: 108893 | M11: 108893 | N11: 108893 | O11: 108893 | P11: 108893 | Q11: 653358 | R11: 1197823
A12: =ROW()-3 -> 9 | B12: 냉난방용 | C12: 2 | E12: 141663 | F12: 141663 | G12: 141663 | H12: 141663 | I12: 141663 | J12: 708315 | K12: 141663 | L12: 141663 | M12: 141663 | N12: 141663 | O12: 141663 | P12: 141663 | Q12: 849978 | R12: 1558293
A13: =ROW()-3 -> 10 | B13: 주한미군 | C13: 2 | E13: 0 | F13: 0 | G13: 0 | H13: 0 | I13: 0 | J13: 0 | K13: 0 | L13: 0 | M13: 0 | N13: 0 | O13: 0 | P13: 0 | Q13: 0 | R13: 0
A14: =ROW()-3 -> 11 | B14: 일반용1 | C14: 3 | F14: 217152 | G14: 217152 | H14: 217152 | I14: 217152 | J14: 868608 | K14: 217152 | L14: 217152 | M14: 217152 | N14: 217152 | O14: 217152 | P14: 217152 | Q14: 1302912 | R14: 2171520
A15: =ROW()-3 -> 12 | B15: 일반용2 | C15: 3 | F15: 76674 | G15: 76674 | H15: 76674 | I15: 76674 | J15: 306696 | K15: 76674 | L15: 76674 | M15: 76674 | N15: 76674 | O15: 76674 | P15: 76674 | Q15: 460044 | R15: 766740
A16: =ROW()-3 -> 13 | B16: 업무난방용 | C16: 3 | F16: 114016 | G16: 114016 | H16: 114016 | I16: 114016 | J16: 456064 | K16: 114016 | L16: 114016 | M16: 114016 | N16: 114016 | O16: 114016 | P16: 114016 | Q16: 684096 | R16: 1140160
A17: =ROW()-3 -> 14 | B17: 냉난방용 | C17: 3 | F17: 216982 | G17: 216982 | H17: 216982 | I17: 216982 | J17: 867928 | K17: 216982 | L17: 216982 | M17: 216982 | N17: 216982 | O17: 216982 | P17: 216982 | Q17: 1301892 | R17: 2169820
A18: =ROW()-3 -> 15 | B18: 주한미군 | C18: 3 | F18: 0 | G18: 0 | H18: 0 | I18: 0 | J18: 0 | K18: 0 | L18: 0 | M18: 0 | N18: 0 | O18: 0 | P18: 0 | Q18: 0 | R18: 0
A19: =ROW()-3 -> 16 | B19: 일반용1 | C19: 4 | G19: 249837 | H19: 249837 | I19: 249837 | J19: 749511 | K19: 249837 | L19: 249837 | M19: 249837 | N19: 249837 | O19: 249837 | P19: 249837 | Q19: 1499022 | R19: 2248533
A20: =ROW()-3 -> 17 | B20: 일반용2 | C20: 4 | G20: 76759 | H20: 76759 | I20: 76759 | J20: 230277 | K20: 76759 | L20: 76759 | M20: 76759 | N20: 76759 | O20: 76759 | P20: 76759 | Q20: 460554 | R20: 690831
A21: =ROW()-3 -> 18 | B21: 업무난방용 | C21: 4 | G21: 276509 | H21: 276509 | I21: 276509 | J21: 829527 | K21: 276509 | L21: 276509 | M21: 276509 | N21: 276509 | O21: 276509 | P21: 276509 | Q21: 1659054 | R21: 2488581
A22: =ROW()-3 -> 19 | B22: 냉난방용 | C22: 4 | G22: 165245 | H22: 165245 | I22: 165245 | J22: 495735 | K22: 165245 | L22: 165245 | M22: 165245 | N22: 165245 | O22: 165245 | P22: 165245 | Q22: 991470 | R22: 1487205
A23: =ROW()-3 -> 20 | B23: 주한미군 | C23: 4 | G23: 0 | H23: 0 | I23: 0 | J23: 0 | K23: 0 | L23: 0 | M23: 0 | N23: 0 | O23: 0 | P23: 0 | Q23: 0 | R23: 0
A24: =ROW()-3 -> 21 | B24: 일반용1 | C24: 5 | H24: 176931 | I24: 176931 | J24: 353862 | K24: 176931 | L24: 176931 | M24: 176931 | N24: 176931 | O24: 176931 | P24: 176931 | Q24: 1061586 | R24: 1415448
A25: =ROW()-3 -> 22 | B25: 일반용2 | C25: 5 | H25: 172654 | I25: 172654 | J25: 345308 | K25: 172654 | L25: 172654 | M25: 172654 | N25: 172654 | O25: 172654 | P25: 172654 | Q25: 1035924 | R25: 1381232
A26: =ROW()-3 -> 23 | B26: 업무난방용 | C26: 5 | H26: 167870 | I26: 167870 | J26: 335740 | K26: 167870 | L26: 167870 | M26: 167870 | N26: 167870 | O26: 167870 | P26: 167870 | Q26: 1007220 | R26: 1342960
A27: =ROW()-3 -> 24 | B27: 냉난방용 | C27: 5 | H27: 141451 | I27: 141451 | J27: 282902 | K27: 141451 | L27: 141451 | M27: 141451 | N27: 141451 | O27: 141451 | P27: 141451 | Q27: 848706 | R27: 1131608
A28: =ROW()-3 -> 25 | B28: 주한미군 | C28: 5 | H28: 0 | I28: 0 | J28: 0 | K28: 0 | L28: 0 | M28: 0 | N28: 0 | O28: 0 | P28: 0 | Q28: 0 | R28: 0
A29: =ROW()-3 -> 26 | B29: 일반용1 | C29: 6 | I29: 115667 | J29: 115667 | K29: 115667 | L29: 115667 | M29: 115667 | N29: 115667 | O29: 115667 | P29: 115667 | Q29: 694002 | R29: 809669
A30: =ROW()-3 -> 27 | B30: 일반용2 | C30: 6 | I30: 99537 | J30: 99537 | K30: 99537 | L30: 99537 | M30: 99537 | N30: 99537 | O30: 99537 | P30: 99537 | Q30: 597222 | R30: 696759
A31: =ROW()-3 -> 28 | B31: 업무난방용 | C31: 6 | I31: 86793 | J31: 86793 | K31: 86793 | L31: 86793 | M31: 86793 | N31: 86793 | O31: 86793 | P31: 86793 | Q31: 520758 | R31: 607551
A32: =ROW()-3 -> 29 | B32: 냉난방용 | C32: 6 | I32: 108597 | J32: 108597 | K32: 108597 | L32: 108597 | M32: 108597 | N32: 108597 | O32: 108597 | P32: 108597 | Q32: 651582 | R32: 760179
A33: =ROW()-3 -> 30 | B33: 주한미군 | C33: 6 | I33: 0 | J33: 0 | K33: 0 | L33: 0 | M33: 0 | N33: 0 | O33: 0 | P33: 0 | Q33: 0 | R33: 0
A34: =ROW()-3 -> 31 | B34: 일반용1 | C34: 7 | K34: 262961 | L34: 262961 | M34: 262961 | N34: 262961 | O34: 262961 | P34: 262961 | Q34: 1577766 | R34: 1577766
A35: =ROW()-3 -> 32 | B35: 일반용2 | C35: 7 | K35: 129470 | L35: 129470 | M35: 129470 | N35: 129470 | O35: 129470 | P35: 129470 | Q35: 776820 | R35: 776820
A36: =ROW()-3 -> 33 | B36: 업무난방용 | C36: 7 | K36: 91492 | L36: 91492 | M36: 91492 | N36: 91492 | O36: 91492 | P36: 91492 | Q36: 548952 | R36: 548952
A37: =ROW()-3 -> 34 | B37: 냉난방용 | C37: 7 | K37: 100722 | L37: 100722 | M37: 100722 | N37: 100722 | O37: 100722 | P37: 100722 | Q37: 604332 | R37: 604332
A38: =ROW()-3 -> 35 | B38: 주한미군 | C38: 7 | K38: 0 | L38: 0 | M38: 0 | N38: 0 | O38: 0 | P38: 0 | Q38: 0 | R38: 0
A39: =ROW()-3 -> 36 | B39: 일반용1 | C39: 8 | L39: 265671 | M39: 265671 | N39: 265671 | O39: 265671 | P39: 265671 | Q39: 1328355 | R39: 1328355
A40: =ROW()-3 -> 37 | B40: 일반용2 | C40: 8 | L40: 216135 | M40: 216135 | N40: 216135 | O40: 216135 | P40: 216135 | Q40: 1080675 | R40: 1080675
A41: =ROW()-3 -> 38 | B41: 업무난방용 | C41: 8 | L41: 140562 | M41: 140562 | N41: 140562 | O41: 140562 | P41: 140562 | Q41: 702810 | R41: 702810
A42: =ROW()-3 -> 39 | B42: 냉난방용 | C42: 8 | L42: 258473 | M42: 258473 | N42: 258473 | O42: 258473 | P42: 258473 | Q42: 1292365 | R42: 1292365
A43: =ROW()-3 -> 40 | B43: 주한미군 | C43: 8 | L43: 0 | M43: 0 | N43: 0 | O43: 0 | P43: 0 | Q43: 0 | R43: 0
A44: =ROW()-3 -> 41 | B44: 일반용1 | C44: 9 | M44: 113085 | N44: 113085 | O44: 113085 | P44: 113085 | Q44: 452340 | R44: 452340
A45: =ROW()-3 -> 42 | B45: 일반용2 | C45: 9 | M45: 98817 | N45: 98817 | O45: 98817 | P45: 98817 | Q45: 395268 | R45: 395268
A46: =ROW()-3 -> 43 | B46: 업무난방용 | C46: 9 | M46: 63253 | N46: 63253 | O46: 63253 | P46: 63253 | Q46: 253012 | R46: 253012
A47: =ROW()-3 -> 44 | B47: 냉난방용 | C47: 9 | M47: 204027 | N47: 204027 | O47: 204027 | P47: 204027 | Q47: 816108 | R47: 816108
A48: =ROW()-3 -> 45 | B48: 주한미군 | C48: 9 | M48: 0 | N48: 0 | O48: 0 | P48: 0 | Q48: 0 | R48: 0
A49: =ROW()-3 -> 46 | B49: 일반용1 | C49: 10 | N49: 200132 | O49: 200132 | P49: 200132 | Q49: 600396 | R49: 600396
A50: =ROW()-3 -> 47 | B50: 일반용2 | C50: 10 | N50: 304707 | O50: 304707 | P50: 304707 | Q50: 914121 | R50: 914121
A51: =ROW()-3 -> 48 | B51: 업무난방용 | C51: 10 | N51: 101357 | O51: 101357 | P51: 101357 | Q51: 304071 | R51: 304071
A52: =ROW()-3 -> 49 | B52: 냉난방용 | C52: 10 | N52: 156905 | O52: 156905 | P52: 156905 | Q52: 470715 | R52: 470715
A53: =ROW()-3 -> 50 | B53: 주한미군 | C53: 10 | N53: 0 | O53: 0 | P53: 0 | Q53: 0 | R53: 0
A54: =ROW()-3 -> 51 | B54: 일반용1 | C54: 11 | O54: 109909 | P54: 109909 | Q54: 219818 | R54: 219818
A55: =ROW()-3 -> 52 | B55: 일반용2 | C55: 11 | O55: 142002 | P55: 142002 | Q55: 284004 | R55: 284004
A56: =ROW()-3 -> 53 | B56: 업무난방용 | C56: 11 | O56: 203730 | P56: 203730 | Q56: 407460 | R56: 407460
A57: =ROW()-3 -> 54 | B57: 냉난방용 | C57: 11 | O57: 154195 | P57: 154195 | Q57: 308390 | R57: 308390
A58: =ROW()-3 -> 55 | B58: 주한미군 | C58: 11 | O58: 0 | P58: 0 | Q58: 0 | R58: 0
A59: =ROW()-3 -> 56 | B59: 일반용1 | C59: 12 | P59: 320118 | Q59: 320118 | R59: 320118
A60: =ROW()-3 -> 57 | B60: 일반용2 | C60: 12 | P60: 139419 | Q60: 139419 | R60: 139419
A61: =ROW()-3 -> 58 | B61: 업무난방용 | C61: 12 | P61: 250387 | Q61: 250387 | R61: 250387
A62: =ROW()-3 -> 59 | B62: 냉난방용 | C62: 12 | P62: 145431 | Q62: 145431 | R62: 145431
A63: =ROW()-3 -> 60 | B63: 주한미군 | C63: 12 | P63: 0 | Q63: 0 | R63: 0
A64: =ROW()-3 -> 61
A65: =ROW()-3 -> 62
A66: =ROW()-3 -> 63
A67: =ROW()-3 -> 64
A68: =ROW()-3 -> 65
A69: =ROW()-3 -> 66
A72: 개발량 | B72: 2024년 개발량 | D72: 538920 | E72: 1134700 | F72: 1759524 | G72: 2527874 | H72: 3186780 | I72: 3597374 | J72: 12745172 | K72: 4182019 | L72: 5062860 | M72: 5542042 | N72: 6305143 | O72: 6914979 | P72: 7770334 | Q72: 35777377 | R72: 48522549 | S72: =ROUND(R72/$T$2,0) -> 1145237
B73: 일반용1
B74: 일반용2
B75: 업무난방용
B76: 냉난방용
B77: 주한미군
A78: 이월량 | B78: 2023년 이월량
B79: 일반용1
B80: 일반용2
B81: 업무난방용
B82: 냉난방용
B83: 주한미군
A84: 공급량 | B84: 2024년 공급량(MJ)
B85: 일반용1
B86: 일반용2
B87: 업무난방용
B88: 냉난방용
B89: 주한미군
B90: 2024년 공급량(N㎥)
B91: 일반용1
B92: 일반용2
B93: 업무난방용
B94: 냉난방용
B95: 주한미군
A96: 대비 | B96: 2023년 공급량(MJ)
B97: 2023년 공급량(N㎥)
B98: 대 비(%)
D101: 1월 | E101: 2월 | F101: 3월 | G101: 4월 | H101: 5월 | I101: 6월 | J101: 7월 | K101: 8월 | L101: 9월 | M101: 10월 | N101: 11월 | O101: 12월 | P101: 총합계
C102: MJ | D102: =D72 -> 538920 | E102: =E72 -> 1134700 | F102: =F72 -> 1759524 | G102: =G72 -> 2527874 | H102: =H72 -> 3186780 | I102: =I72 -> 3597374 | J102: =K72 -> 4182019 | K102: =L72 -> 5062860 | L102: =M72 -> 5542042 | M102: =N72 -> 6305143 | N102: =O72 -> 6914979 | O102: =P72 -> 7770334 | P102: =R72 -> 48522549 | Q102: =SUM(D102:O102) -> 48522549 | S102: =P102=Q102 -> TRUE
C103: ㎥ | D103: =ROUND(D102/$T$2,0) -> 12720 | E103: =ROUND(E102/$T$2,0) -> 26781 | F103: =ROUND(F102/$T$2,0) -> 41529 | G103: =ROUND(G102/$T$2,0) -> 59663 | H103: =ROUND(H102/$T$2,0) -> 75215 | I103: =ROUND(I102/$T$2,0) -> 84906 | J103: =ROUND(J102/$T$2,0) -> 98705 | K103: =ROUND(K102/$T$2,0) -> 119494 | ... P103: =ROUND(P102/$T$2,0) -> 1145237 | Q103: =ROUND(AVERAGE(D103:O103),0) -> 95436
C104: (누계) | D104: =D103 -> 12720 | E104: =D104+E103 -> 39501 | F104: =E104+F103 -> 81030 | G104: =F104+G103 -> 140693 | H104: =G104+H103 -> 215908 | I104: =H104+I103 -> 300814 | J104: =I104+J103 -> 399519 | K104: =J104+K103 -> 519013 | L104: =K104+L103 -> 649817 | ... O104: =N104+O103 -> 1145237 | P104: =O104 -> 1145237 | Q104: → 신규개발량 누계(㎥) | S104: =P104=S72 -> TRUE
...

Sheet 4_5. 산업용 판매량(2025년)
A1: 2025년 산업용 공급 계획
S2: (단위: ㎥) | T2: 2025년 열량값 | U2: 42.369
A3: NO | B3: 공급대상 | C3: 전수 | D3: 공급월 | E3: 1월 | F3: 2월 | G3: 3월 | H3: 4월 | I3: 5월 | J3: 6월 | K3: 상반기계 | L3: 7월 | M3: 8월 | N3: 9월 | O3: 10월 | P3: 11월 | Q3: 12월 | R3: 하반기계 | S3: 년간계
A4: 조업일수
A5: 1 | B5: 도금조합 | C5: 1 | D5: 1 | E5: 211710 | F5: 211710 | G5: 211710 | H5: 211710 | I5: 211710 | J5: 211710 | K5: 1270260 | L5: 211710 | M5: 211710 | N5: 211710 | O5: 211710 | P5: 211710 | Q5: 211710 | R5: 1270260 | S5: 2540520
A6: 2 | B6: ㈜경희정공 | C6: 1 | D6: 2 | F6: 846840 | G6: 846840 | H6: 846840 | I6: 846840 | J6: 846840 | K6: 4234200 | L6: 846840 | M6: 846840 | N6: 846840 | O6: 846840 | P6: 846840 | Q6: 846840 | R6: 5081040 | S6: 9315240
A7: 3 | B7: 켐프 | C7: 1 | D7: 4 | H7: 211710 | I7: 211710 | J7: 211710 | K7: 635130 | L7: 211710 | M7: 211710 | N7: 211710 | O7: 211710 | P7: 211710 | Q7: 211710 | R7: 1270260 | S7: 1905390
A8: 4 | B8: 백광테크 | C8: 1 | D8: 5 | I8: 211710 | J8: 211710 | K8: 423420 | L8: 211710 | M8: 211710 | N8: 211710 | O8: 211710 | P8: 211710 | Q8: 211710 | R8: 1270260 | S8: 1693680
A9: 5 | B9: ㈜일성도금 | C9: 1 | D9: 6 | J9: 211710 | K9: 211710 | L9: 211710 | M9: 211710 | N9: 211710 | O9: 211710 | P9: 211710 | Q9: 211710 | R9: 1270260 | S9: 1481970
A10: 6 | B10: 동보 | C10: 1 | D10: 8 | M10: 211710 | N10: 211710 | O10: 211710 | P10: 211710 | Q10: 211710 | R10: 1058550 | S10: 1058550
A11: 7 | B11: 평화산업 | C11: 1 | D11: 10 | O11: 211710 | P11: 211710 | Q11: 211710 | R11: 635130 | S11: 635130
A12: 8 | B12: 광진금속 | C12: 1 | D12: 11 | P12: 211710 | Q12: 211710 | R12: 423420 | S12: 423420
A13: 9 | B13: 홍진산업 | C13: 1 | D13: 11 | P13: 211710 | Q13: 211710 | R13: 423420 | S13: 423420
A14: 10 | B14: 대구텍 | C14: 1 | D14: 11 | P14: 1481970 | Q14: 1481970 | R14: 2963940 | S14: 2963940
A15: 11 | B15: 코솔텍 | C15: 1 | D15: 12 | Q15: 211710 | R15: 211710 | S15: 211710
A16: 12 | B16: 평화산업진량공장 | C16: 1 | D16: 12 | Q16: 211710 | R16: 211710 | S16: 211710
A17: 13
A18: 14
A20: 개발량 | B20: 2025년 개발량(MJ) | E20: 211710 | F20: 1058550 | G20: 1058550 | H20: 1270260 | I20: 1481970 | J20: 1693680 | K20: 6774720 | L20: 1693680 | M20: 1905390 | N20: 1905390 | O20: 2117100 | P20: 4022490 | Q20: 4445910 | R20: 16089960 | S20: 22864680 | T20: =ROUND(S20/$U$2,0) -> 539656
B21: 2025년 개발량(N㎥) | E21: 5000 | F21: 25000 | G21: 25000 | H21: 30000 | I21: 35000 | J21: 40000 | K21: 160000 | L21: 40000 | M21: 45000 | N21: 45000 | O21: 50000 | P21: 95000 | Q21: 105000 | R21: 380000 | S21: 540000 | U21: =S20/S21 -> 42.342
A22: 이월량 | B22: 2024년 이월량(MJ) | E22: 19840410 | F22: 20074163 | G22: 20948985 | H22: 19907878 | I22: 18980544 | J22: 18174118 | K22: 117926098 | L22: 17151212 | M22: 15623698 | N22: 20097338 | O22: 16311347 | P22: 19709170 | Q22: 22635875 | R22: 111528640 | S22: 229454738
B23: 2024년 이월량(N㎥) | E23: 840082658 | F23: 849980220 | G23: 887021929 | H23: 842939351 | I23: 803674206 | J23: 769528498 | K23: 4993226862 | L23: 726216598 | M23: 661538623 | N23: 850961484 | O23: 690655043 | P23: 834525660 | Q23: 958448214 | R23: 4722345622 | S23: 9715572484
A24: 공급량 | B24: 2025년 공급량(MJ) | E24: 19845410 | F24: 20099163 | G24: 20973985 | H24: 19937878 | I24: 19015544 | J24: 18214118 | K24: 118086098 | L24: 17191212 | M24: 15668698 | N24: 20142338 | O24: 16361347 | P24: 19804170 | Q24: 22740875 | R24: 111908640 | S24: 229994738
B25: 2025년 공급량(N㎥) | E25: 840294368 | F25: 851038770 | G25: 888080479 | H25: 844209611 | I25: 805156176 | J25: 771222178 | K25: 5000001582 | L25: 727910278 | M25: 663444013 | N25: 852866874 | O25: 692772143 | P25: 838548150 | Q25: 962894124 | R25: 4738435582 | S25: 9738437164
A26: 대비 | B26: 2024년 공급량(MJ) | E26: 23012017 | F26: 18861882 | G26: 21505479 | H26: 19454561 | I26: 19164570 | J26: 17991574 | K26: 119990083 | L26: 17330290 | M26: 16056121 | N26: 17063983 | O26: 19537523 | P26: 20559282 | Q26: 22071821 | R26: 1.1261902e+08 | S26: 2.326091e+08
B27: 2024년 공급량(N㎥) | E27: 980833014 | F27: 808407176 | G27: 923318506 | H27: 831526827 | I27: 816449032 | J27: 763220545 | K27: 5123755100 | L27: 737629136 | M27: 689337442 | N27: 732607970 | O27: 838804472 | P27: 882671646 | Q27: 947609495 | R27: 4828660161 | S27: 9952415261
B28: 대 비(%) | E28: =E25/E27 -> 0.85671501 | F28: =F25/F27 -> 1.0527353 | G28: =G25/G27 -> 0.96183546 | H28: =H25/H27 -> 1.0152524 | I28: =I25/I27 -> 0.98616833 | J28: =J25/J27 -> 1.010484 | K28: =K25/K27 -> 0.97584711 | L28: =L25/L27 -> 0.98682419 | ... S28: =S25/S27 -> 0.97849988
E31: 1월 | F31: 2월 | G31: 3월 | H31: 4월 | I31: 5월 | J31: 6월 | K31: 7월 | L31: 8월 | M31: 9월 | N31: 10월 | O31: 11월 | P31: 12월 | Q31: 총합계
D32: MJ | E32: =E20 -> 211710 | F32: =F20 -> 1058550 | G32: =G20 -> 1058550 | H32: =H20 -> 1270260 | I32: =I20 -> 1481970 | J32: =J20 -> 1693680 | K32: =L20 -> 1693680 | L32: =M20 -> 1905390 | M32: =N20 -> 1905390 | N32: =O20 -> 2117100 | O32: =P20 -> 4022490 | P32: =Q20 -> 4445910 | Q32: =S20 -> 22864680 | R32: =SUM(E32:P32) -> 22864680 | T32: =R32=Q32 -> TRUE
D33: ㎥ | E33: =ROUND(E32/$U$2,0) -> 4997 | F33: =ROUND(F32/$U$2,0) -> 24984 | G33: =ROUND(G32/$U$2,0) -> 24984 | H33: =ROUND(H32/$U$2,0) -> 29981 | I33: =ROUND(I32/$U$2,0) -> 34978 | J33: =ROUND(J32/$U$2,0) -> 39975 | K33: =ROUND(K32/$U$2,0) -> 39975 | L33: =ROUND(L32/$U$2,0) -> 44971 | ... Q33: =ROUND(Q32/$U$2,0) -> 539656 | R33: =ROUND(AVERAGE(E33:P33),0) -> 44971
D34: (누계) | E34: =E33 -> 4997 | F34: =E34+F33 -> 29981 | G34: =F34+G33 -> 54965 | H34: =G34+H33 -> 84946 | I34: =H34+I33 -> 119924 | J34: =I34+J33 -> 159899 | K34: =J34+K33 -> 199874 | L34: =K34+L33 -> 244845 | M34: =L34+M33 -> 289816 | ... P34: =O34+P33 -> 539656 | Q34: =P34 -> 539656 | R34: → 신규개발량 누계(㎥) | T34: =Q34=T20 -> TRUE
D35: (누적) | E35: =E34 -> 4997 | F35: =E35+F34 -> 34978 | G35: =F35+G34 -> 89943 | H35: =G35+H34 -> 174889 | I35: =H35+I34 -> 294813 | J35: =I35+J34 -> 454712 | K35: =J35+K34 -> 654586 | L35: =K35+L34 -> 899431 | M35: =L35+M34 -> 1189247 | ... P35: =O35+P34 -> 2503410 | Q35: =P35 -> 2503410 | R35: → 신규개발량 누적(㎥)
D37: MJ | E37: 1월 | F37: 2월 | G37: 3월 | H37: 4월 | I37: 5월 | J37: 6월 | K37: 7월 | L37: 8월 | M37: 9월 | N37: 10월 | O37: 11월 | P37: 12월 | Q37: 총합계
D38: 월별 | E38: =E39 -> 211710 | F38: =F39-E39 -> 846840 | G38: =G39-F39 -> 0 | H38: =H39-G39 -> 211710 | I38: =I39-H39 -> 211710 | J38: =J39-I39 -> 211710 | K38: =K39-J39 -> 0 | L38: =L39-K39 -> 211710 | M38: =M39-L39 -> 0 | ... P38: =P39-O39 -> 423420 | Q38: =SUM(E38:P38) -> 4445910
D39: 누계 | E39: =E20 -> 211710 | F39: =F20 -> 1058550 | G39: =G20 -> 1058550 | H39: =H20 -> 1270260 | I39: =I20 -> 1481970 | J39: =J20 -> 1693680 | K39: =L20 -> 1693680 | L39: =M20 -> 1905390 | M39: =N20 -> 1905390 | N39: =O20 -> 2117100 | O39: =P20 -> 4022490 | P39: =Q20 -> 4445910 | Q39: =SUM(E39:P39) -> 22864680
D40: 누적 | E40: =E39 -> 211710 | F40: =E40+F39 -> 1270260 | G40: =F40+G39 -> 2328810 | H40: =G40+H39 -> 3599070 | I40: =H40+I39 -> 5081040 | J40: =I40+J39 -> 6774720 | K40: =J40+K39 -> 8468400 | L40: =K40+L39 -> 10373790 | M40: =L40+M39 -> 12279180 | ... P40: =O40+P39 -> 22864680 | Q40: =Q39=S20 -> TRUE
E42: =E38 -> 211710 | F42: =E42+F38 -> 1058550 | G42: =F42+G38 -> 1058550 | H42: =G42+H38 -> 1270260 | I42: =H42+I38 -> 1481970 | J42: =I42+J38 -> 1693680 | K42: =J42+K38 -> 1693680 | L42: =K42+L38 -> 1905390 | M42: =L42+M38 -> 1905390 | ... P42: =O42+P38 -> 4445910
E43: =E39=E42 -> TRUE | F43: =F39=F42 -> TRUE | G43: =G39=G42 -> TRUE | H43: =H39=H42 -> TRUE | I43: =I39=I42 -> TRUE | J43: =J39=J42 -> TRUE | K43: =K39=K42 -> TRUE | L43: =L39=L42 -> TRUE | ... P43: =P39=P42 -> TRUE
D45: ㎥ | E45: 1월 | F45: 2월 | G45: 3월 | H45: 4월 | I45: 5월 | J45: 6월 | K45: 7월 | L45: 8월 | M45: 9월 | N45: 10월 | O45: 11월 | P45: 12월 | Q45: 총합계
D46: 월별 | E46: =E47 -> 5000 | F46: =F47-E47 -> 20000 | G46: =G47-F47 -> 0 | H46: =H47-G47 -> 5000 | I46: =I47-H47 -> 5000 | J46: =J47-I47 -> 5000 | K46: =K47-J47 -> 0 | L46: =L47-K47 -> 5000 | M46: =M47-L47 -> 0 | ... P46: =P47-O47 -> 10000 | Q46: =SUM(E46:P46) -> 105000
D47: 누계 | E47: =E21 -> 5000 | F47: =F21 -> 25000 | G47: =G21 -> 25000 | H47: =H21 -> 30000 | I47: =I21 -> 35000 | J47: =J21 -> 40000 | K47: =L21 -> 40000 | L47: =M21 -> 45000 | M47: =N21 -> 45000 | N47: =O21 -> 50000 | O47: =P21 -> 95000 | P47: =Q21 -> 105000 | Q47: =SUM(E47:P47) -> 540000 | T47: =Q47=Q34 -> FALSE
D48: 누적 | E48: =E47 -> 5000 | F48: =E48+F47 -> 30000 | G48: =F48+G47 -> 55000 | H48: =G48+H47 -> 85000 | I48: =H48+I47 -> 120000 | J48: =I48+J47 -> 160000 | K48: =J48+K47 -> 200000 | L48: =K48+L47 -> 245000 | M48: =L48+M47 -> 290000 | ... P48: =O48+P47 -> 540000 | Q48: =Q47=S21 -> TRUE
D50: - 전년 비교(누계)
D51: 열량 | E51: 1월 | F51: 2월 | G51: 3월 | H51: 4월 | I51: 5월 | J51: 6월 | K51: 7월 | L51: 8월 | M51: 9월 | N51: 10월 | O51: 11월 | P51: 12월 | Q51: 총합계
D52: 2024년 | E52: 0 | F52: 427060 | G52: 640590 | H52: 854120 | I52: 1281180 | J52: 1708240 | K52: 2562360 | L52: 2775890 | M52: 2775890 | N52: 3202950 | O52: 5338250 | P52: 5338250 | Q52: 26904780
D53: 2025년 | E53: =E32 -> 211710 | F53: =F32 -> 1058550 | G53: =G32 -> 1058550 | H53: =H32 -> 1270260 | I53: =I32 -> 1481970 | J53: =J32 -> 1693680 | K53: =K32 -> 1693680 | L53: =L32 -> 1905390 | ... P53: =P32 -> 4445910 | Q53: =SUM(E53:P53) -> 22864680
D54: 전년 대비 | E54: =E53-E52 -> 211710 | F54: =F53-F52 -> 631490 | G54: =G53-G52 -> 417960 | H54: =H53-H52 -> 416140 | I54: =I53-I52 -> 200790 | J54: =J53-J52 -> -14560 | K54: =K53-K52 -> -868680 | L54: =L53-L52 -> -870500 | ... Q54: =Q53-Q52 -> -4040100
D56: 부피 | E56: 1월 | F56: 2월 | G56: 3월 | H56: 4월 | I56: 5월 | J56: 6월 | K56: 7월 | L56: 8월 | M56: 9월 | N56: 10월 | O56: 11월 | P56: 12월 | Q56: 총합계
D57: 2024년 | E57: 0 | F57: 10000 | G57: 15000 | H57: 20000 | I57: 30000 | J57: 40000 | K57: 60000 | L57: 65000 | M57: 65000 | N57: 75000 | O57: 125000 | P57: 125000 | Q57: 630000
D58: 2025년 | E58: =E33 -> 4997 | F58: =F33 -> 24984 | G58: =G33 -> 24984 | H58: =H33 -> 29981 | I58: =I33 -> 34978 | J58: =J33 -> 39975 | K58: =K33 -> 39975 | L58: =L33 -> 44971 | ... P58: =P33 -> 104933 | Q58: =SUM(E58:P58) -> 539656
D59: 전년 대비 | E59: =E58-E57 -> 4997 | F59: =F58-F57 -> 14984 | G59: =G58-G57 -> 9984 | H59: =H58-H57 -> 9981 | I59: =I58-I57 -> 4978 | J59: =J58-J57 -> -25 | K59: =K58-K57 -> -20025 | L59: =L58-L57 -> -20029 | ... Q59: =Q58-Q57 -> -90344
